channel_id,title,run_id,publication_status,activity,candidate_created_at,started_at,fetch_completed_at,run_finished_at,run_seconds,fetch_to_run_finished_seconds,published_contents,core_video_issues
UC-4u0GfRUv5_jhmr6os2ECw,Tudo Sobre Pós-Graduação,run:dd613340-0d0c-47f5-9f4b-c8965804913f,ready_auto,passed,2026-09-08T01:41:04.509Z,2026-09-08T01:59:57.361Z,2026-09-08T02:00:49.745Z,2026-09-08T02:01:33.888Z,96.527,44.143,3,0
UC-OuS_6luNjuMlUr7iHFigQ,Bloco do Urso,run:b708a63e-d6a4-412f-96d4-bf586d24b572,ready_partial,dormant,2026-09-08T01:41:04.509Z,2026-09-08T01:48:37.530Z,2026-09-08T01:49:23.598Z,2026-09-08T01:49:23.598Z,46.068,0.0,0,not_in_ready_auto_audit
UC-SoGEMApQorelX1GIDJlpA,Bruno Corano,run:4544b1c3-97c1-4c92-a7ca-66b386706e00,ready_auto,passed,2026-09-08T01:41:04.509Z,2026-09-08T01:59:10.709Z,2026-09-08T02:00:02.412Z,2026-09-08T02:01:01.432Z,110.723,59.02,29,0
UC-cWjErNAZPXg9W4pnaZMpA,Oxente Gamer,run:89d548d8-7de0-4bce-a77d-32f5a0bb6cd7,ready_auto,passed,2026-09-08T01:41:04.509Z,2026-09-08T01:46:26.822Z,2026-09-08T01:47:00.372Z,2026-09-08T01:48:07.538Z,100.716,67.166,30,0
UC-mK7LtC6mp2DdJJaVucFPA,CONEXÃO DA RODAGEM,run:fa896b73-3d94-47ce-8682-dea06a6e2d95,ready_auto,passed,2026-09-08T01:41:04.509Z,2026-09-08T01:46:11.928Z,2026-09-08T01:47:05.065Z,2026-09-08T01:48:04.894Z,112.966,59.829,28,0
UC-qQ3iSgF1pj2Yp-JvftvHA,"Doce, Sal e Etc - LORI FONSECA",run:e06ee986-dbe0-46c0-9925-20ffd329a94d,ready_auto,passed,2026-09-08T01:41:04.509Z,2026-09-08T01:57:43.345Z,2026-09-08T01:58:22.596Z,2026-09-08T01:59:42.311Z,118.966,79.715,7,0
UC-zQLUAfHc4nqefmcl2LIKQ,Sixs,run:55f49995-2dc8-4e2e-91ed-b2f9e05a64f7,ready_auto,passed,2026-09-08T01:41:04.509Z,2026-09-08T01:49:20.232Z,2026-09-08T01:50:13.021Z,2026-09-08T01:51:12.277Z,112.045,59.256,9,0
UC-zgQq7wys1VMOsuCojiHag,Fábio Loja,run:5ad3d860-d349-4c4c-9d20-dff33ea75d08,ready_auto,passed,2026-09-08T01:41:04.509Z,2026-09-08T01:51:06.545Z,2026-09-08T01:51:36.750Z,2026-09-08T01:52:38.195Z,91.65,61.445,24,0
UC0Ec9FXyo1aKH9OEPyQ0OOg, Markus Art ,run:689356e4-c4ff-4589-807a-753385a53005,ready_auto,passed,2026-09-08T01:41:04.509Z,2026-09-08T01:48:00.033Z,2026-09-08T01:48:58.606Z,2026-09-08T01:49:57.778Z,117.745,59.172,28,0
UC0IQq2oi4rh0IeSgpydzQvw,ObjetivoOficial,run:2d6d1291-86d7-4f76-852c-cc550aee1694,ready_auto,passed,2026-09-08T01:41:04.509Z,2026-09-08T01:44:14.643Z,2026-09-08T01:45:01.906Z,2026-09-08T01:45:57.660Z,103.017,55.754,27,0
UC0QHzTNeFL7QmqD4futUQZQ,Sara Rodrigues ,run:5891e04b-26b5-4a41-b8aa-06f48f81fac9,ready_auto,passed,2026-09-08T01:41:04.509Z,2026-09-08T01:44:57.459Z,2026-09-08T01:45:56.492Z,2026-09-08T01:47:06.317Z,128.858,69.825,30,0
UC0SiM5adXd94ntSeblQ5Izg,Felipe Barchi,run:77f8954f-564b-4d0d-ba4a-6a36dedb5875,ready_auto,passed,2026-09-08T01:41:04.509Z,2026-09-08T02:00:05.679Z,2026-09-08T02:01:04.936Z,2026-09-08T02:01:36.044Z,90.365,31.108,8,0
UC0W4CEoQoVEAJAn9rlkGErw,Instante Biotec,run:c0e4688b-4317-47a7-a655-053d52291a77,ready_partial,dormant,2026-09-08T01:41:04.509Z,2026-09-08T01:41:39.090Z,2026-09-08T01:42:49.115Z,2026-09-08T01:42:49.116Z,70.026,0.001,0,not_in_ready_auto_audit
UC0iy5-Wne9W2ZHbZCKzLm3Q,Sergio ASMR,run:798e2047-d265-48ff-ac91-f75a6836ddad,ready_auto,passed,2026-09-08T01:41:04.509Z,2026-09-08T01:53:21.607Z,2026-09-08T01:54:22.074Z,2026-09-08T01:55:00.625Z,99.018,38.551,1,0
UC13tLH0LnUB9TLRFwk10O5g,Lima Limão Confeitaria Vegana,run:b7255469-97f3-4943-916b-db789c56d575,ready_partial,dormant,2026-09-08T01:41:04.509Z,2026-09-08T01:58:46.975Z,2026-09-08T01:59:39.432Z,2026-09-08T01:59:39.433Z,52.458,0.001,0,not_in_ready_auto_audit
UC1DA0RNe8GDgrtxxtiJx9uQ,Fabricia Queiroz Confeitaria,run:ef4b7060-a5c8-4d4f-9187-da7df05da1c2,ready_auto,passed,2026-09-08T01:41:04.509Z,2026-09-08T01:57:29.936Z,2026-09-08T01:58:26.284Z,2026-09-08T01:59:39.231Z,129.295,72.947,30,0
UC1buoupsUGMber8bgpC_7mg,BemnaBIO,run:8575bc12-93ed-4b93-8e5f-c2ac3f6a756a,ready_auto,passed,2026-09-08T01:41:04.509Z,2026-09-08T01:43:56.223Z,2026-09-08T01:44:48.026Z,2026-09-08T01:45:55.275Z,119.052,67.249,27,0
UC1puCwUDirYqKN-O3MpYe7Q,Censuradas !,run:6aa71eb2-3237-4376-9804-b08057cbaf7f,ready_auto,passed,2026-09-08T01:41:04.509Z,2026-09-08T01:45:37.713Z,2026-09-08T01:46:19.682Z,2026-09-08T01:47:12.787Z,95.074,53.105,3,0
UC22UAROYa_93fYJz2kkTVZw,El Diario de Nathi,run:339f5f1b-c41d-42c0-b048-e0373d2147d6,ready_auto,passed,2026-09-08T01:41:04.509Z,2026-09-08T01:49:09.542Z,2026-09-08T01:51:04.858Z,2026-09-08T01:52:22.117Z,192.575,77.259,11,0
UC2A3ms_WaRBRwjh4pltENHg,BK NA CENA ,run:8abef315-a91e-4a48-b665-9c8b4dcb13e1,ready_auto,passed,2026-09-08T01:41:04.509Z,2026-09-08T01:46:49.399Z,2026-09-08T01:47:27.557Z,2026-09-08T01:48:15.122Z,85.723,47.565,25,0
UC2AjjZ0k-Rba8fiuwpz1R2Q,JUANRIBE PAGLIARIN,run:23095f97-1e93-419f-8c5c-8b8af455e8ee,ready_auto,passed,2026-09-08T01:41:04.509Z,2026-09-08T01:53:45.816Z,2026-09-08T01:54:19.726Z,2026-09-08T01:55:52.453Z,126.637,92.727,30,0
UC2FLKWRbH1z14OH7jKWNNsQ,Henry Gonçalves,run:eb57950e-4f89-4d7c-8a0b-c32aa3fd27f0,ready_auto,passed,2026-09-08T01:41:04.509Z,2026-09-08T01:53:39.738Z,2026-09-08T01:54:48.089Z,2026-09-08T01:55:51.305Z,131.567,63.216,13,0
UC2IVL1J2kc8Ev0YB3S4Q-yg,Segredos do DNA Verde,run:d2a2dc5b-cc7b-4e19-b610-a41d986ba910,ready_auto,passed,2026-09-08T01:41:04.509Z,2026-09-08T01:43:24.965Z,2026-09-08T01:43:54.840Z,2026-09-08T01:44:44.423Z,79.458,49.583,2,0
UC2NNaOtNlT-rkm1Mf6xxRfw,TV UFPB,run:5e4ce5f1-43d9-4d6c-a7ab-70a1f5d9c80b,ready_auto,passed,2026-09-08T01:41:04.509Z,2026-09-08T01:55:43.067Z,2026-09-08T01:56:05.622Z,2026-09-08T01:57:14.376Z,91.309,68.754,8,0
UC2Q8dOuCbqXyFSjr-cdi4tg,SIMONI RAMOS RECEITAS,run:cbd7895d-3e67-4ebf-b688-49e562ea716e,ready_auto,passed,2026-09-08T01:41:04.509Z,2026-09-08T01:56:45.140Z,2026-09-08T01:57:48.323Z,2026-09-08T01:58:32.750Z,107.61,44.427,30,0
UC2rZov3orzc41VHLbq54D2g,IFBBGOIÁS FEGOMFF,run:6bec84c0-e8f8-4d22-aa10-97752b0b96b8,ready_partial,dormant,2026-09-08T01:41:04.509Z,2026-09-08T01:41:38.594Z,2026-09-08T01:42:26.101Z,2026-09-08T01:42:26.101Z,47.507,0.0,0,not_in_ready_auto_audit
UC2urCDL-metvs7jpIygxEjA,NevekzinN,run:0c31b012-1433-43c6-9dfd-92543307535f,ready_partial,dormant,2026-09-08T01:41:04.509Z,2026-09-08T01:50:31.738Z,2026-09-08T01:51:05.085Z,2026-09-08T01:51:05.085Z,33.347,0.0,0,not_in_ready_auto_audit
UC375xlcAVvFcVJqCMr9rVMA,Mines lucas moz ,run:3e17c514-9ffc-435a-b004-7c87dc97dcab,ready_auto,passed,2026-09-08T01:41:04.509Z,2026-09-08T01:56:06.338Z,2026-09-08T01:56:35.691Z,2026-09-08T01:58:23.948Z,137.61,108.257,30,0
UC3KNwMttOriF39VubgxhcjA,B-DYNAMITZE OFFICIAL,run:b17a612d-4144-4f23-a0a4-c80b5b5aad59,ready_auto,passed,2026-09-08T01:41:04.509Z,2026-09-08T01:53:00.360Z,2026-09-08T01:54:55.401Z,2026-09-08T01:55:50.012Z,169.652,54.611,14,0
UC3MLH9Ai2P5wC7fiGIWBu1A,Núcleo de Estudos da Violência,run:9baf916f-d9a5-4406-bda2-6b39d13558c7,ready_auto,passed,2026-09-08T01:41:04.509Z,2026-09-08T01:43:14.008Z,2026-09-08T01:44:00.310Z,2026-09-08T01:44:42.734Z,88.726,42.424,2,0
UC3SCNqzMHIRAHwC1FU3Higw,Pedro Aventura,run:b1ceefea-c567-4e1d-8dbb-29583ccf0ddc,ready_auto,passed,2026-09-08T01:41:04.509Z,2026-09-08T01:46:41.768Z,2026-09-08T01:47:37.379Z,2026-09-08T01:48:12.806Z,91.038,35.427,30,0
UC3SGk_3HL9glhbrlJjHTD1Q,Nipponflexoficial,run:fd18c395-015b-41d5-a38f-a3089b53441a,ready_auto,passed,2026-09-08T01:41:04.509Z,2026-09-08T01:43:23.553Z,2026-09-08T01:43:56.638Z,2026-09-08T01:44:43.924Z,80.371,47.286,16,0
UC3bwXp8SU6EqK3Bb6tYKbhQ,INSCRITOS MILIONÁRIOS ,run:61dc35f5-c654-4bd6-b521-0607cb0d146a,ready_auto,passed,2026-09-08T01:41:04.509Z,2026-09-08T01:45:57.412Z,2026-09-08T01:46:34.671Z,2026-09-08T01:47:16.258Z,78.846,41.587,30,0
UC3mrVVp64nSk6cySc7k75iw,Jamilgrau,run:3fe1f589-99e6-41e5-957d-b23619b7fe18,ready_partial,dormant,2026-09-08T01:41:04.509Z,2026-09-08T01:54:59.062Z,2026-09-08T01:56:44.556Z,2026-09-08T01:56:44.556Z,105.494,0.0,0,not_in_ready_auto_audit
UC3sBqeI4RqMwPxGsjXcVGqg,Fabio Cavalcante,run:8f52da16-9e5a-41e8-b3cd-b464784b415c,ready_partial,dormant,2026-09-08T01:41:04.509Z,2026-09-08T01:49:59.017Z,2026-09-08T01:51:02.036Z,2026-09-08T01:51:02.037Z,63.02,0.001,0,not_in_ready_auto_audit
UC3zOm1LSeFS_IsCXBpMhNgg,Biotecnologia Brasil,run:989263f8-625d-4ef7-b80d-819b139d299c,ready_partial,dormant,2026-09-08T01:41:04.509Z,2026-09-08T01:41:38.494Z,2026-09-08T01:42:35.856Z,2026-09-08T01:42:35.856Z,57.362,0.0,0,not_in_ready_auto_audit
UC439Z2B4IQAWaIdaPLX7VsQ,Cortes do Vinicin [OFICIAL],run:08d6c67b-26a3-4372-8b7b-828589154ce9,ready_auto,passed,2026-09-08T01:41:04.509Z,2026-09-08T01:47:07.495Z,2026-09-08T01:47:36.522Z,2026-09-08T01:48:17.769Z,70.274,41.247,30,0
UC4H35F5f2c5cyR-pbZlt12Q,Tiago Salem,run:8021db26-5166-4194-9ba2-774bdcf07747,ready_auto,passed,2026-09-08T01:41:04.509Z,2026-09-08T01:48:10.205Z,2026-09-08T01:48:44.853Z,2026-09-08T01:50:00.005Z,109.8,75.152,1,0
UC4MJsxAdWoPg3LJ5jdIsCxw,RONALDO SIMULATOR,run:8edd0b2d-b28f-4615-99a7-02ee08e7684e,ready_auto,passed,2026-09-08T01:41:04.509Z,2026-09-08T01:45:47.130Z,2026-09-08T01:46:26.008Z,2026-09-08T01:47:14.264Z,87.134,48.256,30,0
UC4P5O9dt8f59roThO_w_xcQ,Seu Dinheiro,run:1c0d2ce3-febf-4f21-9414-6408ee7f97b8,ready_auto,passed,2026-09-08T01:41:04.509Z,2026-09-08T01:59:31.428Z,2026-09-08T02:00:24.845Z,2026-09-08T02:01:06.295Z,94.867,41.45,30,0
UC4zKg0kZriNMBdmFkH6UBDQ,Bestway Brasil,run:3430a6fd-6e13-4634-b5b4-39fac13e7874,ready_auto,passed,2026-09-08T01:41:04.509Z,2026-09-08T01:54:32.242Z,2026-09-08T01:55:28.457Z,2026-09-08T01:56:00.833Z,88.591,32.376,22,0
UC51QCoedCnAVET-glV-qEWg,Cantarino Brasileiro,run:f17200f5-1842-4c15-b981-30cbf3d74006,ready_auto,passed,2026-09-08T01:41:04.509Z,2026-09-08T01:44:37.571Z,2026-09-08T01:45:09.471Z,2026-09-08T01:46:02.015Z,84.444,52.544,20,0
UC5VHqYs8HY_d5TbcB-3-Mvg,Helena Macêdo,run:a1faff6f-66c4-40b4-8b75-1bb5b0547f18,ready_partial,dormant,2026-09-08T01:41:04.509Z,2026-09-08T01:54:37.580Z,2026-09-08T01:55:06.746Z,2026-09-08T01:55:06.746Z,29.166,0.0,0,not_in_ready_auto_audit
UC5Z25SgK6NM81PoWTXXS_2g,Débora Miranda Oficial,run:3c89ff3e-e3d5-41f0-9f21-dfc166f9fa4f,ready_auto,passed,2026-09-08T01:41:04.509Z,2026-09-08T01:56:20.582Z,2026-09-08T01:57:16.356Z,2026-09-08T01:58:26.826Z,126.244,70.47,30,0
UC5aTCMG1U-XyVUK6AwrEhzg,Yago Stephano,run:a91a9647-b461-4d01-9d01-23127955dbd4,ready_auto,passed,2026-09-08T01:41:04.509Z,2026-09-08T01:43:33.708Z,2026-09-08T01:44:14.086Z,2026-09-08T01:44:45.404Z,71.696,31.318,30,0
UC5k3iFD00mK-D_fUn3BLTdQ,BRYAN BOLOLÔ,run:8c4bfb38-5d23-416f-af46-213b635e5780,ready_auto,passed,2026-09-08T01:41:04.509Z,2026-09-08T01:59:00.081Z,2026-09-08T02:00:03.880Z,2026-09-08T02:00:58.999Z,118.918,55.119,30,0
UC5o594RO6bknG9VS6mmz5_A,Biohackers Podcast Brasil,run:8f99a485-529d-42d7-86c1-6ec0f5d9be22,ready_auto,passed,2026-09-08T01:41:04.509Z,2026-09-08T01:43:34.261Z,2026-09-08T01:44:29.720Z,2026-09-08T01:45:53.009Z,138.748,83.289,30,0
UC5s7RQ1KUUvDZnWY_ep0ppA,Davi Vieira,run:7d236694-7102-4c33-a505-082f8738f552,ready_auto,passed,2026-09-08T01:41:04.509Z,2026-09-08T01:45:27.027Z,2026-09-08T01:46:29.253Z,2026-09-08T01:47:10.407Z,103.38,41.154,29,0
UC5t-N9nMtzUZjRXA__PDdZQ,Previdenciário na Prática,run:5bcad91b-0ebc-4aed-bc9f-1a2b98806835,ready_auto,passed,2026-09-08T01:41:04.509Z,2026-09-08T01:44:31.023Z,2026-09-08T01:45:25.185Z,2026-09-08T01:46:01.079Z,90.056,35.894,15,0
UC5wZFewlFuJe32xTW0qLfvg,casuarinaoficial,run:b2f4bac2-da6a-4bae-89d5-d88c1eae45f6,ready_partial,dormant,2026-09-08T01:41:04.509Z,2026-09-08T01:48:40.988Z,2026-09-08T01:49:50.975Z,2026-09-08T01:49:50.975Z,69.987,0.0,0,not_in_ready_auto_audit
UC66Je1MOl9Gg2bzokOSv0mg,MitoAbdalla,run:c58360e6-866e-4cce-b5f8-b15dbae217f6,ready_auto,passed,2026-09-08T01:41:04.509Z,2026-09-08T01:55:48.456Z,2026-09-08T01:56:42.750Z,2026-09-08T01:57:15.639Z,87.183,32.889,30,0
UC6WoLs32qDLKRJoLg5RJMug,Pigor,run:55fbbbd4-f832-4387-9c39-4c8b2de015c9,ready_auto,passed,2026-09-08T01:41:04.509Z,2026-09-08T01:49:20.767Z,2026-09-08T01:50:13.826Z,2026-09-08T01:51:13.096Z,112.329,59.27,30,0
UC6anYPLWp2CTVVEfdPQuq6w,Economia em Dia,run:d2a1540b-da24-4615-8f56-68efe33ac1f0,ready_partial,dormant,2026-09-08T01:41:04.509Z,2026-09-08T01:49:37.128Z,2026-09-08T01:50:11.460Z,2026-09-08T01:50:11.460Z,34.332,0.0,0,not_in_ready_auto_audit
UC6bw0pZZB6H7lbX-7YRf-HA,Tayuniverso,run:d51c1ecf-9e9b-4c7d-90e9-094a2ef13874,ready_partial,dormant,2026-09-08T01:41:04.509Z,2026-09-08T01:42:21.608Z,2026-09-08T01:42:59.222Z,2026-09-08T01:42:59.222Z,37.614,0.0,0,not_in_ready_auto_audit
UC6dqRL_e1y-4uCJGqdiB17Q,Titânia Tef,run:9f8ecdd7-aec8-4ba6-be45-63c7d626ecbe,ready_partial,dormant,2026-09-08T01:41:04.509Z,2026-09-08T01:45:31.391Z,2026-09-08T01:46:18.362Z,2026-09-08T01:46:18.362Z,46.971,0.0,0,not_in_ready_auto_audit
UC6fZTGCxDTAx3oWszEBO9KA,Criando com Nalu,run:06e8cc2d-84ca-4931-8ab5-77fb2a006d1f,ready_partial,dormant,2026-09-08T01:41:04.509Z,2026-09-08T01:47:37.054Z,2026-09-08T01:47:58.245Z,2026-09-08T01:47:58.245Z,21.191,0.0,0,not_in_ready_auto_audit
UC6khZTAATo9XMDYwppZYFIQ,Sognatori Per Caso,run:96dc8cd4-6356-4336-bd54-39acea567887,ready_partial,dormant,2026-09-08T01:41:04.509Z,2026-09-08T01:53:46.850Z,2026-09-08T01:54:17.582Z,2026-09-08T01:54:17.583Z,30.733,0.001,0,not_in_ready_auto_audit
UC6niUbSwM82YOrPbXFfkrpA,Danilo abr,run:3e14a7bd-7456-4cdc-84e9-b4f82d80deac,ready_partial,dormant,2026-09-08T01:41:04.509Z,2026-09-08T01:54:06.819Z,2026-09-08T01:54:58.854Z,2026-09-08T01:54:58.854Z,52.035,0.0,0,not_in_ready_auto_audit
UC6oJ5ogKhNlP4EXbtNT64Hw,Canal da ABPBE,run:4452d4a9-6906-42b7-923d-ca29dd7038ec,ready_auto,passed,2026-09-08T01:41:04.509Z,2026-09-08T01:44:43.456Z,2026-09-08T01:45:41.052Z,2026-09-08T01:47:02.224Z,138.768,81.172,30,0
UC73iRP94nnZ5C3SE8zrBQaQ,BetinGamer,run:409f242a-a5e5-4777-87af-8bc252c24706,ready_auto,passed,2026-09-08T01:41:04.509Z,2026-09-08T01:55:33.080Z,2026-09-08T01:56:36.695Z,2026-09-08T01:57:13.311Z,100.231,36.616,17,0
UC77nKZn-fpGK_b1kDNhpR3A,Cadú Tips - Apostas Esportivas,run:0cd67f2f-8fb3-44d0-a946-e0fddf0ac991,ready_auto,passed,2026-09-08T01:41:04.509Z,2026-09-08T01:42:23.967Z,2026-09-08T01:43:14.350Z,2026-09-08T01:43:47.668Z,83.701,33.318,13,0
UC7CJeGEjYBCa8-rHmEV3buw,Eduardo Bradley,run:7077e609-13b0-434d-9b64-6bf419357855,ready_auto,passed,2026-09-08T01:41:04.509Z,2026-09-08T01:53:16.284Z,2026-09-08T01:53:45.659Z,2026-09-08T01:54:58.174Z,101.89,72.515,7,0
UC7S0ecaG00LHwuLDmAVmFog,Victor ASMR38 ,run:9afe976c-1108-421b-9efa-30e47ede5686,ready_auto,passed,2026-09-08T01:41:04.509Z,2026-09-08T01:53:22.952Z,2026-09-08T01:54:12.023Z,2026-09-08T01:55:01.285Z,98.333,49.262,30,0
UC7_-9aQRzLpw-14jX8XtKdQ,SBBC Sociedade Brasileira de Biologia Celular,run:ba203d9c-4870-476c-b402-13ff45b70000,ready_auto,passed,2026-09-08T01:41:04.509Z,2026-09-08T01:43:40.609Z,2026-09-08T01:44:15.933Z,2026-09-08T01:44:46.269Z,65.66,30.336,1,0
UC81ICSAA9aeezkmhfk9oNCg,Sociedade Brasileira de Engenharia Biomédica,run:bcb5c0da-f72a-41ef-9cc5-8c42a8f7c6f4,ready_auto,passed,2026-09-08T01:41:04.509Z,2026-09-08T01:59:34.643Z,2026-09-08T02:00:28.413Z,2026-09-08T02:01:29.964Z,115.321,61.551,1,0
UC82slOQdEP3dy9fL-fIo9sQ,Daniel Morais,run:a2e74371-0e22-412f-9400-920ef73209c6,ready_auto,passed,2026-09-08T01:41:04.509Z,2026-09-08T01:47:30.280Z,2026-09-08T01:48:42.056Z,2026-09-08T01:49:54.296Z,144.016,72.24,27,0
UC859jrBzNQGyHJEPBukzmTQ,Web à Milanesa,run:20045499-7e80-433c-8409-743d8a680c71,ready_partial,dormant,2026-09-08T01:41:04.509Z,2026-09-08T01:47:34.386Z,2026-09-08T01:48:25.809Z,2026-09-08T01:48:25.809Z,51.423,0.0,0,not_in_ready_auto_audit
UC8F4-AAuORrK5s9WL57Dq2w,site GONG,run:00f1e983-bd52-498b-9b33-85dab487015a,ready_auto,passed,2026-09-08T01:41:04.509Z,2026-09-08T01:52:39.545Z,2026-09-08T01:53:37.286Z,2026-09-08T01:54:53.178Z,133.633,75.892,4,0
UC8ZpUXLfLark7gvwOQCKacA,Biscuit Realista,run:301457d1-161b-4aad-9a9f-64495a5fb141,ready_partial,dormant,2026-09-08T01:41:04.509Z,2026-09-08T01:45:03.052Z,2026-09-08T01:46:02.992Z,2026-09-08T01:46:02.993Z,59.941,0.001,0,not_in_ready_auto_audit
UC8c56Z-GtyU3VU6Df6z8LMg,Mundo Inusitado,run:17392a17-18ed-442f-ae24-b0e32ad50e2a,ready_partial,dormant,2026-09-08T01:41:04.509Z,2026-09-08T01:54:21.909Z,2026-09-08T01:55:13.720Z,2026-09-08T01:55:13.721Z,51.812,0.001,0,not_in_ready_auto_audit
UC8fiSYB7EWOBoeD6oN-ZyTg,Igreja Deus é Amor Oficial Brasília-DF,run:8ef4e171-30bc-406d-9156-934fe4c43362,ready_auto,passed,2026-09-08T01:41:04.509Z,2026-09-08T01:56:23.764Z,2026-09-08T01:57:02.565Z,2026-09-08T01:58:27.797Z,124.033,85.232,30,0
UC8o-H--zmRE3ms63hVlSHfg,EMPREENDENDO COM HAMBÚRGUER,run:e2a2e5bb-3489-4b49-b1be-518d4a5fab5c,ready_partial,dormant,2026-09-08T01:41:04.509Z,2026-09-08T01:47:39.000Z,2026-09-08T01:48:35.566Z,2026-09-08T01:48:35.567Z,56.567,0.001,0,not_in_ready_auto_audit
UC8rHibFz_626j_NoDPCVJgQ,Shyva,run:cd966fac-5b53-40f7-9eb6-a32f28f49f61,ready_partial,dormant,2026-09-08T01:41:04.509Z,2026-09-08T01:54:55.143Z,2026-09-08T01:55:26.370Z,2026-09-08T01:55:26.370Z,31.227,0.0,0,not_in_ready_auto_audit
UC8sb2MU5rpa90IoTmSoMY7w,Pamella Caito,run:e920ac8c-f6ee-445e-8ab4-9a765ddedac3,ready_partial,dormant,2026-09-08T01:41:04.509Z,2026-09-08T01:53:23.788Z,2026-09-08T01:53:55.322Z,2026-09-08T01:53:55.322Z,31.534,0.0,0,not_in_ready_auto_audit
UC8tZPt9e-FOxqkTgOAPri4g,Luana Lumertz,run:559c8e00-2011-4400-98db-e0f754865b6a,ready_auto,passed,2026-09-08T01:41:04.509Z,2026-09-08T01:45:43.722Z,2026-09-08T01:46:40.208Z,2026-09-08T01:47:13.397Z,89.675,33.189,30,0
UC94I6wElPnMizWb8f62MW1g,CCGL - Leite de Verdade,run:3597dc37-9234-4215-abdf-e06e197a40b8,ready_auto,passed,2026-09-08T01:41:04.509Z,2026-09-08T01:56:42.680Z,2026-09-08T01:57:34.431Z,2026-09-08T01:58:31.700Z,109.02,57.269,13,0
UC9FU_D517zcLEDAgYaL3LoA,Círculo Ltda,run:642b6d29-1d81-413e-b2f3-8c639311d338,ready_auto,passed,2026-09-08T01:41:04.509Z,2026-09-08T02:00:03.884Z,2026-09-08T02:01:16.754Z,2026-09-08T02:01:34.640Z,90.756,17.886,30,0
UC9HYotqytC1t6uhQ8bL50Dg,Priscila Forte,run:991b5bc7-9af8-467c-a47e-fd7c42145be9,ready_partial,dormant,2026-09-08T01:41:04.509Z,2026-09-08T01:56:26.356Z,2026-09-08T01:56:36.679Z,2026-09-08T01:56:36.680Z,10.324,0.001,0,not_in_ready_auto_audit
UC9NrNFdAY6YcqC4Yyf0GwDQ,DJ MORGANA,run:1c325f3f-c1b5-4c2a-92fd-b71873d7b49f,ready_auto,passed,2026-09-08T01:41:04.509Z,2026-09-08T01:47:06.596Z,2026-09-08T01:47:32.838Z,2026-09-08T01:48:16.819Z,70.223,43.981,6,0
UC9RawxhdwOYbAlIVYsdbDuw,Fala com a Dri,run:157110b1-79ab-48e0-8083-a72d76d18474,ready_auto,passed,2026-09-08T01:41:04.509Z,2026-09-08T01:48:26.011Z,2026-09-08T01:49:19.248Z,2026-09-08T01:50:04.144Z,98.133,44.896,30,0
UC9S_iwNG74_wvDh1sK3wl1w,Dra. Andreia Antoniolli,run:76663038-ebaf-4ff7-9d93-e6c752168643,ready_auto,passed,2026-09-08T01:41:04.509Z,2026-09-08T01:43:29.135Z,2026-09-08T01:45:17.556Z,2026-09-08T01:45:51.378Z,142.243,33.822,19,0
UC9VJPrer320jKruZYjj3DeA,Block Brasileiro,run:9584d423-944a-46e8-be11-c45ab78dcbd2,ready_partial,dormant,2026-09-08T01:41:04.509Z,2026-09-08T01:49:26.997Z,2026-09-08T02:01:46.251Z,2026-09-08T02:01:46.251Z,739.254,0.0,0,not_in_ready_auto_audit
UC9mUMmZ8VIHDaekBY5A3jFw,Débora Benites,run:fe622b43-f5a1-4a9a-acc1-e1bdc675b3bf,ready_auto,passed,2026-09-08T01:41:04.509Z,2026-09-08T01:58:05.107Z,2026-09-08T01:58:40.533Z,2026-09-08T01:59:44.370Z,99.263,63.837,8,0
UC9oal4t9Tb4kJlLWtovcMiQ,Mente Pensante - Conhecimento é poder,run:e01f238a-3a94-4d24-bd35-1a1978c5c27c,ready_auto,passed,2026-09-08T01:41:04.509Z,2026-09-08T01:42:46.965Z,2026-09-08T01:43:22.797Z,2026-09-08T01:44:40.846Z,113.881,78.049,24,0
UC9qIRThvNLJ2Qa_KeAIcT8A,REDE PT BRASIL,run:a827c816-f311-4c47-bb6a-22485ddf1713,ready_auto,passed,2026-09-08T01:41:04.509Z,2026-09-08T01:54:26.264Z,2026-09-08T01:54:54.649Z,2026-09-08T01:55:59.668Z,93.404,65.019,29,0
UCA3qjjFGp4szqYoA0VixAdQ,WN TUTORIAIS,run:4f74e531-1a51-4add-95e0-7cfb00ccdd18,ready_auto,passed,2026-09-08T01:41:04.509Z,2026-09-08T01:44:20.769Z,2026-09-08T01:45:12.067Z,2026-09-08T01:45:59.740Z,98.971,47.673,30,0
UCAAqGZdzS9MsAY2wbSMHr5g,ComeCast,run:f570f1c6-2279-400f-a5dd-89f88b327ce7,ready_partial,dormant,2026-09-08T01:41:04.509Z,2026-09-08T01:47:28.523Z,2026-09-08T01:48:03.258Z,2026-09-08T01:48:03.258Z,34.735,0.0,0,not_in_ready_auto_audit
UCAOQMTZqH7FN3aP4n1hPfdw,CamponêsJoga,run:95005745-6927-4c08-856c-1ac1b7dc7240,ready_partial,dormant,2026-09-08T01:41:04.509Z,2026-09-08T01:52:13.862Z,2026-09-08T01:52:43.753Z,2026-09-08T01:52:43.753Z,29.891,0.0,0,not_in_ready_auto_audit
UCAUoXqhdL75tYMmIQBXfo8w,MS,run:c0d18350-2ae8-4cc5-bc23-fac10ff51270,ready_partial,dormant,2026-09-08T01:41:04.509Z,2026-09-08T01:49:25.099Z,2026-09-08T01:50:27.718Z,2026-09-08T01:50:27.718Z,62.619,0.0,0,not_in_ready_auto_audit
UCAYBDEIyugoiRCQlPpiKJPQ,𝙃𝙞𝙢𝙞𝙠𝙤𝙙𝙚𝙧𝙚 🇧🇷,run:dec73f6c-3b64-450a-920e-0ec26e2bace5,ready_partial,dormant,2026-09-08T01:41:04.509Z,2026-09-08T01:54:53.820Z,2026-09-08T01:55:46.440Z,2026-09-08T01:55:46.441Z,52.621,0.001,0,not_in_ready_auto_audit
UCAcuWLj8LAJH-imhnyus5lg,Fer,run:629767a5-07b8-40f2-8d19-d7e049f16c42,ready_auto,passed,2026-09-08T01:41:04.509Z,2026-09-08T01:50:55.384Z,2026-09-08T01:51:35.637Z,2026-09-08T01:52:35.458Z,100.074,59.821,30,0
UCAefjTw1el6DLS6h73FdjgQ,Canal Automação,run:b275089d-0070-4d05-925e-485df29660a0,ready_partial,dormant,2026-09-08T01:41:04.509Z,2026-09-08T01:44:16.799Z,2026-09-08T01:44:52.212Z,2026-09-08T01:44:52.212Z,35.413,0.0,0,not_in_ready_auto_audit
UCAfw9AGyo7x6cc-y6O1aLaA,Curitiba Drones,run:253ce5db-e1ee-47ab-9adb-318fe12b0b14,ready_partial,dormant,2026-09-08T01:41:04.509Z,2026-09-08T01:53:29.784Z,2026-09-08T01:53:53.518Z,2026-09-08T01:53:53.518Z,23.734,0.0,0,not_in_ready_auto_audit
UCAghcOHuf5M8qfBELdVme0Q,Um Investidor Qualquer,run:9b5c8641-b325-45c6-84a4-db4ddfcf3740,ready_auto,passed,2026-09-08T01:41:04.509Z,2026-09-08T01:52:49.534Z,2026-09-08T01:53:22.984Z,2026-09-08T01:54:55.326Z,125.792,92.342,24,0
UCAleh_WPD0NMpjRpl3NbHuQ,Prefeitura Marabá,run:19aff683-bd54-4637-b22c-3eddaf2dbef3,ready_auto,passed,2026-09-08T01:41:04.509Z,2026-09-08T01:55:52.331Z,2026-09-08T01:56:48.636Z,2026-09-08T01:57:17.461Z,85.13,28.825,29,0
UCAwP9eqqIu55RTLGlC7jQ0g,Casa de Bolos Franquia,run:01518a04-23b7-40e0-a28b-b90f8b2281f1,ready_partial,dormant,2026-09-08T01:41:04.509Z,2026-09-08T01:56:37.403Z,2026-09-08T01:57:09.248Z,2026-09-08T01:57:09.249Z,31.846,0.001,0,not_in_ready_auto_audit
UCAxRNrkZhLMY0cRPxD2FBVQ,Wanderson Tenório,run:711474fa-76b9-464f-99f4-e52820c9fa4a,ready_auto,passed,2026-09-08T01:41:04.509Z,2026-09-08T01:44:31.979Z,2026-09-08T01:44:56.003Z,2026-09-08T01:46:01.546Z,89.567,65.543,1,0
UCB0Zjwd1HQ99bvyvpp7z8mQ,Schneider Videos,run:9739ea02-dfbd-4492-a1f1-0ac849426b2a,ready_partial,dormant,2026-09-08T01:41:04.509Z,2026-09-08T01:45:47.556Z,2026-09-08T01:46:12.257Z,2026-09-08T01:46:12.257Z,24.701,0.0,0,not_in_ready_auto_audit
UCB6DNVmZ8w9l6-WXj7yd0Lg,Canal 1900,run:aecc1e9b-a8a3-4727-ae9d-4ce83628a5a0,ready_auto,passed,2026-09-08T01:41:04.509Z,2026-09-08T01:41:40.614Z,2026-09-08T01:43:25.417Z,2026-09-08T01:44:34.071Z,173.457,68.654,16,0
UCB8YldagLkw7jH5YJTc5-1A,Taty Mendes - Confeitaria ,run:a33a258e-6375-43ee-bc9c-08a7f46d7164,ready_auto,passed,2026-09-08T01:41:04.509Z,2026-09-08T01:56:50.114Z,2026-09-08T01:57:41.617Z,2026-09-08T01:58:34.340Z,104.226,52.723,3,0
UCBG1NoWW1DOlCMWc9G5jCuQ,Luiz Cesarino,run:2f97fc51-8d12-4c13-bdde-b7384fdad285,ready_partial,dormant,2026-09-08T01:41:04.509Z,2026-09-08T01:53:34.408Z,2026-09-08T01:54:33.333Z,2026-09-08T01:54:33.333Z,58.925,0.0,0,not_in_ready_auto_audit
UCBOpyIyIHWn7T-MvrIhCCiQ,ONLY GAINS ,run:adc05600-efb5-4ba9-8010-796b83be2d73,ready_auto,passed,2026-09-08T01:41:04.509Z,2026-09-08T01:54:25.048Z,2026-09-08T01:54:54.335Z,2026-09-08T01:55:59.157Z,94.109,64.822,1,0
UCBPzGj92N35-3EIpwhxBBiw,Dra. Angie Castro,run:940de164-e825-434d-a009-c1f02fc03890,ready_partial,dormant,2026-09-08T01:41:04.509Z,2026-09-08T01:59:42.421Z,2026-09-08T02:00:31.984Z,2026-09-08T02:00:31.984Z,49.563,0.0,0,not_in_ready_auto_audit
UCBUEri6NnHt48S-re8BBEvw,Bolos Decorado,run:8110052e-ef31-4f12-b679-29227d172ed6,ready_partial,dormant,2026-09-08T01:41:04.509Z,2026-09-08T01:56:36.258Z,2026-09-08T01:57:03.101Z,2026-09-08T01:57:03.103Z,26.845,0.002,0,not_in_ready_auto_audit
UCBcE1MdxXGXDvNa6KdGW3YA,PLANTAS PESCARIA & VIOLÃO,run:0807bbc9-3078-47e3-ad5b-a7c8ff009076,ready_auto,passed,2026-09-08T01:41:04.509Z,2026-09-08T01:57:41.224Z,2026-09-08T01:58:17.322Z,2026-09-08T01:59:41.561Z,120.337,84.239,9,0
UCBcW5vYmoInT-2TIc5d6wPg,Efeitos Visuais Brasil,run:0059ef9b-33c6-4f77-9370-0410d95b7bae,ready_auto,passed,2026-09-08T01:41:04.509Z,2026-09-08T01:47:47.725Z,2026-09-08T01:48:36.224Z,2026-09-08T01:49:57.064Z,129.339,80.84,7,0
UCBjWe3ZR80aeDJTPxu74bxg,Carol Reis,run:1988f9f2-e6cf-41d2-be8b-2d510d46ada8,ready_auto,passed,2026-09-08T01:41:04.509Z,2026-09-08T02:00:51.022Z,2026-09-08T02:01:53.312Z,2026-09-08T02:02:46.114Z,115.092,52.802,11,0
UCBt7RV7wbFlXZLytuGdvEGA,Motorama,run:d10bd737-db97-4375-87d1-d1f746b77720,ready_partial,dormant,2026-09-08T01:41:04.509Z,2026-09-08T01:46:30.448Z,2026-09-08T01:47:31.541Z,2026-09-08T01:47:31.541Z,61.093,0.0,0,not_in_ready_auto_audit
UCCDHIenRp39Rtwxbn9lY99Q,LEKO ON ROAD,run:a502ee4c-be38-4a19-80d8-565729c57bc4,ready_partial,dormant,2026-09-08T01:41:04.509Z,2026-09-08T01:51:42.450Z,2026-09-08T01:52:37.812Z,2026-09-08T01:52:37.813Z,55.363,0.001,0,not_in_ready_auto_audit
UCCR0YRsEA0yGQrYeCHe8HEw,Henrique Melo Marketing,run:d8bfc07d-9730-4ea4-803f-c3c151aee536,ready_auto,passed,2026-09-08T01:41:04.509Z,2026-09-08T01:49:54.506Z,2026-09-08T01:50:30.030Z,2026-09-08T01:51:17.262Z,82.756,47.232,10,0
UCCW7BE1ftEGn0-UGhrf-qCw,Golden Era PT,run:689b5c33-21d7-411a-add5-6b46f0b387cc,ready_partial,dormant,2026-09-08T01:41:04.509Z,2026-09-08T01:43:00.592Z,2026-09-08T01:43:32.803Z,2026-09-08T01:43:32.803Z,32.211,0.0,0,not_in_ready_auto_audit
UCC_OS7fdwbBeLPzalGt5p3Q,Ricardo Ramos,run:fedd1dc5-f896-4962-8083-5413192218d2,ready_partial,dormant,2026-09-08T01:41:04.509Z,2026-09-08T01:43:00.186Z,2026-09-08T01:43:39.348Z,2026-09-08T01:43:39.349Z,39.163,0.001,0,not_in_ready_auto_audit
UCCcEFT428BfhG5yUooTEt7A,catiane canal tudo junto e misturado,run:65ac2595-c1cf-4e44-aef7-7edc52058838,ready_auto,passed,2026-09-08T01:41:04.509Z,2026-09-08T01:41:37.304Z,2026-09-08T01:42:08.255Z,2026-09-08T01:43:37.006Z,119.702,88.751,1,0
UCCei6wqpDKXciAu7f2I4_Vw,Byrosane De Col,run:72f80cb0-d5a6-4f00-89ee-f058e6d7a955,ready_auto,passed,2026-09-08T01:41:04.509Z,2026-09-08T01:59:40.996Z,2026-09-08T02:00:31.522Z,2026-09-08T02:01:31.805Z,110.809,60.283,16,0
UCCtvUbuT9mF3DjQWTZJKlEA,Bioexatas Detona,run:e567f43e-c833-4adf-ab39-578f6e574753,ready_auto,passed,2026-09-08T01:41:04.509Z,2026-09-08T01:43:57.260Z,2026-09-08T01:45:02.455Z,2026-09-08T01:45:55.908Z,118.648,53.453,14,0
UCCyZwnCDopZKjz-DuX4_w5g,perso,run:6dc1d8cc-b9ae-4349-bb16-39a95dfe04d0,ready_auto,passed,2026-09-08T01:41:04.509Z,2026-09-08T01:50:38.406Z,2026-09-08T01:51:41.289Z,2026-09-08T01:52:30.988Z,112.582,49.699,30,0
UCD4HVZBtNTg6oPQM2UdONsg,Total Race Power,run:996ec011-1e32-4596-9a36-cc80ed9f20da,ready_partial,dormant,2026-09-08T01:41:04.509Z,2026-09-08T01:52:07.010Z,2026-09-08T01:52:39.585Z,2026-09-08T01:52:39.585Z,32.575,0.0,0,not_in_ready_auto_audit
UCDHD1gOHIGQM6XAu4kmWpXQ,Dicas e Delícias da Mary,run:457251d5-ecbb-4724-8109-7be9a04ade06,ready_auto,passed,2026-09-08T01:41:04.509Z,2026-09-08T01:58:35.261Z,2026-09-08T01:59:38.629Z,2026-09-08T02:00:51.864Z,136.603,73.235,30,0
UCDMQEkNgfB8dJ4QF8bN0L0A,Senna Trader,run:c3c5ca0d-8c50-4be3-bce2-06316d9a653c,ready_auto,passed,2026-09-08T01:41:04.509Z,2026-09-08T01:59:18.164Z,2026-09-08T01:59:52.411Z,2026-09-08T02:01:02.302Z,104.138,69.891,29,0
UCDXeUgg7FEGZpFjpN_1Ykag,Danuki,run:b74808ce-63d4-4001-beb2-8b247ecfc031,ready_auto,passed,2026-09-08T01:41:04.509Z,2026-09-08T01:54:46.351Z,2026-09-08T01:55:24.087Z,2026-09-08T01:56:03.058Z,76.707,38.971,3,0
UCDu5lhCKNVAOEJLMLXKWBUw,Adventistas São Caetano do Sul - SP,run:8829f73e-4207-4363-9274-74f8961063a8,ready_auto,passed,2026-09-08T01:41:04.509Z,2026-09-08T01:56:02.257Z,2026-09-08T01:56:46.236Z,2026-09-08T01:58:22.604Z,140.347,96.368,28,0
UCDuSzNfcjNkcb00-ajshKbA,Catharina Choi,run:d12059a3-4eea-4795-b872-954104c04ea9,ready_partial,dormant,2026-09-08T01:41:04.509Z,2026-09-08T01:58:52.086Z,2026-09-08T01:59:18.858Z,2026-09-08T01:59:18.858Z,26.772,0.0,0,not_in_ready_auto_audit
UCETuCjgnv27mOj1DzfVWRxQ,Cargolift Logística S.A,run:b31efc46-bcc1-4e58-b348-10aeae58d6f1,ready_auto,passed,2026-09-08T01:41:04.509Z,2026-09-08T01:45:57.786Z,2026-09-08T01:46:45.172Z,2026-09-08T01:47:16.846Z,79.06,31.674,1,0
UCEe2oN2rSis07sgZ5tJWPxQ,Revista AnaMaria,run:d8be6f88-b596-4329-a361-9c53e0eee966,ready_auto,passed,2026-09-08T01:41:04.509Z,2026-09-08T01:42:54.175Z,2026-09-08T01:43:17.203Z,2026-09-08T01:44:42.165Z,107.99,84.962,30,0
UCEo0cDYlgM3mBIw_1xKZM2Q,Luana Duarte ,run:8bdb2ae9-ecf6-489f-acc6-53811e06eab2,ready_partial,dormant,2026-09-08T01:41:04.509Z,2026-09-08T02:00:48.305Z,2026-09-08T02:01:30.499Z,2026-09-08T02:01:30.499Z,42.194,0.0,0,not_in_ready_auto_audit
UCEoSANmneNddweVvUghnfpQ,Bitcoinheiros,run:7c0cf761-8a99-4f0b-a054-2383f0441f80,ready_auto,passed,2026-09-08T01:41:04.509Z,2026-09-08T01:46:05.417Z,2026-09-08T01:47:06.987Z,2026-09-08T01:48:03.416Z,117.999,56.429,6,0
UCEpBOMCNd4rn86J3r3dX7FA,"Loja Ciranda | Brinquedos, livros, presentes ",run:d5c06ff6-bb7f-4941-8138-1994a97e4e0e,ready_auto,passed,2026-09-08T01:41:04.509Z,2026-09-08T01:49:01.052Z,2026-09-08T01:49:57.211Z,2026-09-08T01:51:10.528Z,129.476,73.317,30,0
UCF4K16H3NGtmuVuSaaWP43w,Karol Franco,run:7872b4eb-266f-4a81-a463-29e4c47c7c93,ready_partial,dormant,2026-09-08T01:41:04.509Z,2026-09-08T01:51:07.338Z,2026-09-08T01:51:51.097Z,2026-09-08T01:51:51.097Z,43.759,0.0,0,not_in_ready_auto_audit
UCF6teIkFor0Atu5sE30QPBw,LEOFRAN1000,run:46ca6316-f884-4488-beda-89c79644371a,ready_auto,passed,2026-09-08T01:41:04.509Z,2026-09-08T01:46:30.721Z,2026-09-08T01:47:28.899Z,2026-09-08T01:48:09.024Z,98.303,40.125,30,0
UCF8fW8AE4Fzx9LpN79Qgjlw,PAPAPÁ,run:2cc6b715-4425-422a-ab00-7665440e94b5,ready_partial,dormant,2026-09-08T01:41:04.509Z,2026-09-08T01:51:34.006Z,2026-09-08T01:52:30.330Z,2026-09-08T01:52:30.330Z,56.324,0.0,0,not_in_ready_auto_audit
UCFBI7zLezg4oOB97zHQcp-w,Alan Benites,run:c67593e9-4907-4057-8bdb-6c06ccae155a,ready_auto,passed,2026-09-08T01:41:04.509Z,2026-09-08T01:50:03.817Z,2026-09-08T01:50:27.851Z,2026-09-08T01:51:19.298Z,75.481,51.447,2,0
UCFULSdvG5JRRnvzDr1dKMmw,Monique Ieger Eventos,run:940b880a-796a-4cee-84c5-0f574894be88,ready_partial,dormant,2026-09-08T01:41:04.509Z,2026-09-08T01:57:17.310Z,2026-09-08T01:58:09.457Z,2026-09-08T01:58:09.457Z,52.147,0.0,0,not_in_ready_auto_audit
UCFYaNsCQ0gHiyc0mLOGbiEA,Doutor Kefir,run:1c4d6299-b518-43de-9af5-29c14b9cfb80,ready_auto,passed,2026-09-08T01:41:04.509Z,2026-09-08T01:43:43.667Z,2026-09-08T01:44:05.510Z,2026-09-08T01:44:46.809Z,63.142,41.299,11,0
UCFkJbZ01XlAWMcdNxeJxVbg,TUTORIAL COMPLETO,run:df8250ea-9118-495d-abc8-c1cf5ae76e44,ready_auto,passed,2026-09-08T01:41:04.509Z,2026-09-08T01:44:18.260Z,2026-09-08T01:44:55.241Z,2026-09-08T01:45:59.068Z,100.808,63.827,30,0
UCFxff2bHvH0Tq4lAOKHevGQ,Bispo Bruno Leonardo SM,run:3eaa6669-9e4d-4eb4-aff6-355d5d87bb97,ready_auto,passed,2026-09-08T01:41:04.509Z,2026-09-08T01:41:25.584Z,2026-09-08T01:42:31.225Z,2026-09-08T01:43:34.493Z,128.909,63.268,30,0
UCG7Srj5L_fqJjJ3BdYjgf8A,Matheus Rocha,run:598d8ef0-ac49-4cf6-83e5-cfb9b05a9c31,ready_auto,passed,2026-09-08T01:41:04.509Z,2026-09-08T01:46:36.908Z,2026-09-08T01:47:28.641Z,2026-09-08T01:48:10.726Z,93.818,42.085,1,0
UCG8uu5eRqeSvLxmGflmJdMw,IVEPESP ,run:0f504bf8-9e48-45de-8491-8892f27970ea,ready_auto,passed,2026-09-08T01:41:04.509Z,2026-09-08T02:00:07.121Z,2026-09-08T02:01:01.062Z,2026-09-08T02:01:36.491Z,89.37,35.429,7,0
UCGWppEE6HXYkT0umo274XxA,Mozuka,run:e6a36ad7-5938-47eb-b75e-85522e1209cb,ready_auto,passed,2026-09-08T01:41:04.509Z,2026-09-08T01:51:26.952Z,2026-09-08T01:52:24.965Z,2026-09-08T01:53:22.478Z,115.526,57.513,30,0
UCGXJctnOERFLvxiMb-jF6oQ,DETONA FUNK,run:3628c960-d98e-4db1-bf0d-1b57d585d01f,ready_auto,passed,2026-09-08T01:41:04.509Z,2026-09-08T01:58:48.408Z,2026-09-08T02:00:32.390Z,2026-09-08T02:00:55.929Z,127.521,23.539,30,0
UCGeMfYbtceZi7nW7jEyxQrQ,Jovens na Bolsa | Caroline Francisco ,run:cd9b86ed-6d43-405c-9a28-530e57f08ec0,ready_auto,passed,2026-09-08T01:41:04.509Z,2026-09-08T01:42:32.682Z,2026-09-08T01:43:29.471Z,2026-09-08T01:44:36.183Z,123.501,66.712,15,0
UCGkjeC8-oX-nOWFyK9Tc7Dg,Studio W,run:2bf33636-1990-40ad-925f-6bedb18c0b9c,ready_partial,dormant,2026-09-08T01:41:04.509Z,2026-09-08T01:51:37.620Z,2026-09-08T01:52:06.070Z,2026-09-08T01:52:06.071Z,28.451,0.001,0,not_in_ready_auto_audit
UCH3wQn6WcflAey2AFlPphOQ,Hugo Mattos BMX,run:fa21aeb6-51db-4927-b15e-75371145f637,ready_auto,passed,2026-09-08T01:41:04.509Z,2026-09-08T01:52:32.593Z,2026-09-08T01:53:36.899Z,2026-09-08T01:54:51.895Z,139.302,74.996,30,0
UCHJ58Ej2seTs3W3aeYXAwBg,Café com Mayara,run:8c339635-2210-4235-a651-dcb5e2d38aa1,ready_auto,passed,2026-09-08T01:41:04.509Z,2026-09-08T01:51:36.310Z,2026-09-08T01:52:11.484Z,2026-09-08T01:53:23.743Z,107.433,72.259,6,0
UCHN-wKIgFwSJIlBPt0vl8Gw,BJJ.OVERFLOW,run:deba181d-7741-4223-8ebf-0ebe79bc8a02,ready_partial,dormant,2026-09-08T01:41:04.509Z,2026-09-08T01:47:01.344Z,2026-09-08T01:47:34.051Z,2026-09-08T01:47:34.052Z,32.708,0.001,0,not_in_ready_auto_audit
UCHNtZs7TUcYaqvgZpfx11cg,Adam Mitch,run:8366f040-65ac-4a85-8d5f-1c9769f1bac9,ready_auto,passed,2026-09-08T01:41:04.509Z,2026-09-08T01:41:37.240Z,2026-09-08T01:42:20.166Z,2026-09-08T01:43:36.371Z,119.131,76.205,11,0
UCHXqxpQFrgFXs9cjenvS27A,Cortes da Pobreza,run:5f9971ad-4a34-4507-a63e-e146d65ff926,ready_partial,dormant,2026-09-08T01:41:04.509Z,2026-09-08T01:54:23.324Z,2026-09-08T01:54:29.673Z,2026-09-08T01:54:29.673Z,6.349,0.0,0,not_in_ready_auto_audit
UCHcc7x2Gn3OhDNuwPTyJ4_A,João Diorícko,run:5559a512-cdf3-4c6b-a9ea-f0fe14890e28,ready_auto,passed,2026-09-08T01:41:04.509Z,2026-09-08T01:48:24.535Z,2026-09-08T01:49:23.394Z,2026-09-08T01:50:03.352Z,98.817,39.958,1,0
UCHgLLnZeJxxIrMUyij7P62w,A Fantástica Fábrica de Doces,run:8d8bc11f-e7ae-47f7-a384-6388190db7a0,ready_partial,dormant,2026-09-08T01:41:04.509Z,2026-09-08T01:57:43.764Z,2026-09-08T01:58:19.294Z,2026-09-08T01:58:19.294Z,35.53,0.0,0,not_in_ready_auto_audit
UCHgoElI7ZuE8lr3g8D3x5yA,Profissão Biotec,run:501e4781-d854-4449-9fe8-b93760a16012,ready_auto,passed,2026-09-08T01:41:04.509Z,2026-09-08T01:41:37.960Z,2026-09-08T01:42:29.208Z,2026-09-08T01:43:40.196Z,122.236,70.988,4,0
UCHpkduEYtonUK8EaM3GGs7w,Shoptel Eletrônica,run:994ed5f8-7d6b-43fd-996a-7423dee8a3d3,ready_partial,dormant,2026-09-08T01:41:04.509Z,2026-09-08T01:53:14.148Z,2026-09-08T01:53:44.630Z,2026-09-08T01:53:44.630Z,30.482,0.0,0,not_in_ready_auto_audit
UCHtISEb-D4_lcaQGaOjOQfg,Os Náufragos,run:2ba7fd22-879f-44e1-9ce7-4ecba6c89c84,ready_partial,dormant,2026-09-08T01:41:04.509Z,2026-09-08T01:54:26.066Z,2026-09-08T01:55:32.761Z,2026-09-08T01:55:32.761Z,66.695,0.0,0,not_in_ready_auto_audit
UCIECXsMft_86HZwmomsgQTQ,Diesels,run:62ff9f88-0879-4dcd-92e8-449cc63cdf7c,ready_auto,passed,2026-09-08T01:41:04.509Z,2026-09-08T01:45:55.583Z,2026-09-08T01:46:54.208Z,2026-09-08T01:48:02.641Z,127.058,68.433,30,0
UCITGMWjjUrSICLZQCSeqo0Q,Mãe em Dia ,run:988dad3c-a7ee-4854-823d-711e3e888944,ready_partial,dormant,2026-09-08T01:41:04.509Z,2026-09-08T01:44:56.537Z,2026-09-08T01:45:36.567Z,2026-09-08T01:45:36.567Z,40.03,0.0,0,not_in_ready_auto_audit
UCIUthzoZV_cKxTSF_hzQ64Q,Cortes Embrulha sem Roteiro,run:d12c2c1c-42d3-4ad8-bfda-5fa47a630914,ready_partial,dormant,2026-09-08T01:41:04.509Z,2026-09-08T01:45:45.270Z,2026-09-08T01:46:35.054Z,2026-09-08T01:46:35.055Z,49.785,0.001,0,not_in_ready_auto_audit
UCIil_3MhhhXQI93ejOgC-WA,CONTOTOYS,run:fd457289-67a6-4213-b4cc-6baf1ef06257,ready_partial,dormant,2026-09-08T01:41:04.509Z,2026-09-08T01:48:42.837Z,2026-09-08T01:49:14.439Z,2026-09-08T01:49:14.439Z,31.602,0.0,0,not_in_ready_auto_audit
UCIjH8rZQ2UAjeipxnG3Kozw,Lucelmo Lacerda,run:5e133ba0-219a-4159-a574-76600a38d04d,ready_partial,dormant,2026-09-08T01:41:04.509Z,2026-09-08T01:59:36.712Z,2026-09-08T02:00:14.116Z,2026-09-08T02:00:14.116Z,37.404,0.0,0,not_in_ready_auto_audit
UCIlhUgrGEcQ_AhudFUqkItQ,SE LIGA AQUII,run:34749d51-da64-4cdb-9ad0-47ccb58ad634,ready_auto,passed,2026-09-08T01:41:04.509Z,2026-09-08T01:48:22.421Z,2026-09-08T01:48:52.429Z,2026-09-08T01:50:02.603Z,100.182,70.174,13,0
UCIstw4Lsz-AWWxC9AT4izwQ,PRX 3D ,run:f5e02e92-ae46-42a9-b80f-5602ed8544f3,ready_partial,dormant,2026-09-08T01:41:04.509Z,2026-09-08T01:47:53.754Z,2026-09-08T01:48:42.095Z,2026-09-08T01:48:42.096Z,48.342,0.001,0,not_in_ready_auto_audit
UCJ3ZIbFyQx6ycTrH_wNLg5w,Bianca Fernandes,run:ca5b1d66-2095-45d8-8638-16f07736fb7a,ready_auto,passed,2026-09-08T01:41:04.509Z,2026-09-08T01:58:35.529Z,2026-09-08T01:59:47.857Z,2026-09-08T02:00:53.223Z,137.694,65.366,30,0
UCJ8A6N9UFaf04Uxf6rLXmPA,On the Road,run:d31d2ef0-860b-4355-8fac-da643839142a,ready_auto,passed,2026-09-08T01:41:04.509Z,2026-09-08T01:51:59.213Z,2026-09-08T01:52:57.587Z,2026-09-08T01:53:31.010Z,91.797,33.423,26,0
UCJ8jobK6TDMAowP4aaQJGIg,Nax,run:9b7c8056-609c-4a1f-a460-ac11f6d971e8,ready_partial,dormant,2026-09-08T01:41:04.509Z,2026-09-08T01:46:35.459Z,2026-09-08T01:46:57.617Z,2026-09-08T01:46:57.617Z,22.158,0.0,0,not_in_ready_auto_audit
UCJDUz4rqMgW46Oiy_hTyUUA,Robson Sugui,run:4f259055-b29f-4b32-b9f3-8ccc2e4052e7,ready_auto,passed,2026-09-08T01:41:04.509Z,2026-09-08T01:54:18.528Z,2026-09-08T01:54:47.428Z,2026-09-08T01:55:58.206Z,99.678,70.778,30,0
UCJeJ9zdr66-ZZgTCj6OHC-Q,VOCÊ NA REDE,run:58a63bbc-141a-4cd0-a823-6b587a9fd0fb,ready_partial,dormant,2026-09-08T01:41:04.509Z,2026-09-08T01:55:27.753Z,2026-09-08T01:56:08.424Z,2026-09-08T01:56:08.424Z,40.671,0.0,0,not_in_ready_auto_audit
UCJmo4dHKOA84FAUt9_oiVVA,Guilherme Emanoel,run:056cdb09-1be6-4c3b-aad0-f8ee004e0196,ready_auto,passed,2026-09-08T01:41:04.509Z,2026-09-08T01:49:42.059Z,2026-09-08T01:50:52.183Z,2026-09-08T01:52:22.952Z,160.893,90.769,11,0
UCK7pGaduEbAnP7goTztq-eQ,Criar e Brincar,run:a9a05e65-4f81-4dd6-a772-0d2da403ee56,ready_partial,dormant,2026-09-08T01:41:04.509Z,2026-09-08T01:48:53.541Z,2026-09-08T01:49:14.165Z,2026-09-08T01:49:14.165Z,20.624,0.0,0,not_in_ready_auto_audit
UCK81Fr8TPbdsnpE_dImEPVg,Eu Quero Investir,run:dfee4533-492d-4efc-8964-49b3f1f6a71f,ready_auto,passed,2026-09-08T01:41:04.509Z,2026-09-08T01:59:09.093Z,2026-09-08T02:00:04.989Z,2026-09-08T02:01:00.686Z,111.593,55.697,24,0
UCKAGnRVOfZ8YDwgF-bnacmQ,Nuttyy,run:20e1edc6-f554-44fc-89d1-d32467ff3c4f,ready_auto,passed,2026-09-08T01:41:04.509Z,2026-09-08T01:46:47.094Z,2026-09-08T01:47:45.193Z,2026-09-08T01:48:13.977Z,86.883,28.784,30,0
UCKBsO3EAJWdIdIQj1ekgxQQ,Gabi Cervantes,run:0e4164f6-ad78-4338-b8a3-36ad9ceb8489,ready_partial,dormant,2026-09-08T01:41:04.509Z,2026-09-08T01:50:18.602Z,2026-09-08T01:50:54.595Z,2026-09-08T01:50:54.595Z,35.993,0.0,0,not_in_ready_auto_audit
UCKCAqdp2gJ88lRXLFW9SNCA,Dabelli costura criativa,run:0a1b9234-a7a4-4254-97c3-364fac23efa2,ready_partial,dormant,2026-09-08T01:41:04.509Z,2026-09-08T02:00:44.076Z,2026-09-08T02:03:12.335Z,2026-09-08T02:03:12.336Z,148.26,0.001,0,not_in_ready_auto_audit
UCKIrbpL4HPjV5RLIYzacBmQ,Covil do Mestre,run:8051d67a-8b46-4508-a1b3-5a33e6b6bb18,ready_partial,dormant,2026-09-08T01:41:04.509Z,2026-09-08T01:48:06.483Z,2026-09-08T01:48:41.916Z,2026-09-08T01:48:41.916Z,35.433,0.0,0,not_in_ready_auto_audit
UCKlEZw3nlsPVExW1zdPjikg,IFBB Brasil,run:ba0b7fea-e718-45ce-8404-cfa0fba79da2,ready_auto,passed,2026-09-08T01:41:04.509Z,2026-09-08T01:44:49.630Z,2026-09-08T01:45:29.758Z,2026-09-08T01:46:02.513Z,72.883,32.755,1,0
UCKm2RmbpNOhK1e6xUHrrQUA,Jessika Germano,run:b0a2c358-eb66-4760-9665-93995162a42a,ready_auto,passed,2026-09-08T01:41:04.509Z,2026-09-08T01:44:57.104Z,2026-09-08T01:45:45.900Z,2026-09-08T01:47:05.410Z,128.306,79.51,24,0
UCKpILeqQ5hIMgXw2TiRw8aw,Luciano 58 Galdino,run:7c228bfa-5cd6-45b7-9672-ce18bd176907,ready_auto,passed,2026-09-08T01:41:04.509Z,2026-09-08T01:46:27.801Z,2026-09-08T01:47:28.130Z,2026-09-08T01:48:08.308Z,100.507,40.178,7,0
UCKsr0Kzlksez1qjpYMC_8nQ,Prefeitura Municipal Itinga - MG,run:f4b040a0-dc41-43c4-8c7b-1478f4ff299b,ready_auto,passed,2026-09-08T01:41:04.509Z,2026-09-08T01:55:54.283Z,2026-09-08T01:56:42.921Z,2026-09-08T01:58:20.925Z,146.642,98.004,1,0
UCL7Bgplfmp-9hF1ghndgxng,Maya Massafera ,run:f00383f7-ef39-4138-9529-022063bff634,ready_auto,passed,2026-09-08T01:41:04.509Z,2026-09-08T02:01:11.614Z,2026-09-08T02:01:37.247Z,2026-09-08T02:02:03.098Z,51.484,25.851,30,0
UCLRKwsLDBfeSPDeGY_MeOmg,Luciana Angarten ,run:2c1c2e23-5168-4b1c-b620-58049c48f4c2,ready_auto,passed,2026-09-08T01:41:04.509Z,2026-09-08T02:01:04.034Z,2026-09-08T02:01:48.190Z,2026-09-08T02:02:01.538Z,57.504,13.348,29,0
UCLV-PpN0Kn9wtKI35hX59gA,Adailton SAntos,run:32552ece-4289-4a31-bf74-655e36aad755,ready_auto,passed,2026-09-08T01:41:04.509Z,2026-09-08T01:49:44.029Z,2026-09-08T02:02:08.877Z,2026-09-08T02:02:34.204Z,770.175,25.327,4,0
UCLZlSM0JlgCi1_-2eteV7iQ,A Rota do desconhecido,run:73426864-44c1-4022-b0c0-16f91c4a21e1,ready_auto,passed,2026-09-08T01:41:04.509Z,2026-09-08T01:47:06.818Z,2026-09-08T01:47:52.321Z,2026-09-08T01:49:50.775Z,163.957,118.454,16,0
UCLcjSlcRLflthFcnxfaarNw,Sandra Tudo Junto e Misturado,run:2c6fc7fa-7f70-469b-9434-89f2c5ad5d75,ready_auto,passed,2026-09-08T01:41:04.509Z,2026-09-08T01:56:27.246Z,2026-09-08T01:57:28.372Z,2026-09-08T01:58:28.918Z,121.672,60.546,16,0
UCLl23ctAnvCe5AvzraHtKAw,Turno BGames,run:2872977e-9546-4091-aa13-d06627c43aaa,ready_auto,passed,2026-09-08T01:41:04.509Z,2026-09-08T01:53:02.390Z,2026-09-08T01:53:29.231Z,2026-09-08T01:54:56.662Z,114.272,87.431,12,0
UCLodZ15cpCoNmGjlBPRmeLw,LucasBIGBOY,run:211af10c-71ff-4108-ac2a-6307ccfbfc48,ready_auto,passed,2026-09-08T01:41:04.509Z,2026-09-08T01:48:56.895Z,2026-09-08T01:49:48.289Z,2026-09-08T01:51:09.951Z,133.056,81.662,11,0
UCLvdcSgr2r--pcSdG-hlZLA,Fagner Sousa Chef,run:82a7c171-e416-41b8-b912-aeca18207dd1,ready_partial,dormant,2026-09-08T01:41:04.509Z,2026-09-08T01:47:34.748Z,2026-09-08T01:48:05.845Z,2026-09-08T01:48:05.845Z,31.097,0.0,0,not_in_ready_auto_audit
UCLw_vy_PFx0Nkw1gnrggCNg,João Henrique Jhonny ,run:cea9d25e-6099-47fd-82ed-afb28d2d416f,ready_auto,passed,2026-09-08T01:41:04.509Z,2026-09-08T01:48:43.603Z,2026-09-08T01:49:26.425Z,2026-09-08T01:51:06.223Z,142.62,99.798,28,0
UCLzm2p73mf07KAyP9OO_r4A,Premier Crypto,run:78edf7e5-9bfe-4722-8838-24bdb414a84f,ready_auto,passed,2026-09-08T01:41:04.509Z,2026-09-08T01:48:19.217Z,2026-09-08T01:49:12.530Z,2026-09-08T01:50:01.596Z,102.379,49.066,30,0
UCMCkaEYtoQbgd4HqTGmADyA,ALX Motors,run:4d42bae3-f399-4977-bf85-129da59f120a,ready_auto,passed,2026-09-08T01:41:04.509Z,2026-09-08T01:46:39.497Z,2026-09-08T01:47:28.408Z,2026-09-08T01:48:12.207Z,92.71,43.799,5,0
UCMKIgy4wjZBvWaeW8wMAXTg,FREAK UREA,run:251f5e80-9521-421f-ad5d-5ce324419d3b,ready_auto,passed,2026-09-08T01:41:04.509Z,2026-09-08T01:53:59.019Z,2026-09-08T01:54:53.121Z,2026-09-08T01:55:55.838Z,116.819,62.717,1,0
UCMQkqydTFnQXx0l6cS3LF-Q,André Nagae,run:3c4f4574-70b2-4a1f-83d7-38a6ae1f0b83,ready_partial,dormant,2026-09-08T01:41:04.509Z,2026-09-08T01:54:54.439Z,2026-09-08T01:55:47.449Z,2026-09-08T01:55:47.449Z,53.01,0.0,0,not_in_ready_auto_audit
UCMUgN_-unyxDDhH095Y7u7Q,A VOZ do POVO Brasileiro,run:9c0e02f8-c646-4f68-a6f5-aad18a427ce0,ready_auto,passed,2026-09-08T01:41:04.509Z,2026-09-08T01:49:49.430Z,2026-09-08T02:02:26.917Z,2026-09-08T02:02:43.887Z,774.457,16.97,30,0
UCMoaUzUUuLxubFslGloLCfg,Core 2,run:e4a851c4-2c35-4caf-a4d2-8d6e5b16f779,ready_auto,passed,2026-09-08T01:41:04.509Z,2026-09-08T01:46:33.746Z,2026-09-08T01:47:45.956Z,2026-09-08T01:48:09.966Z,96.22,24.01,30,0
UCMtqUJr3K7DrEtGveoipqkQ,MC Pipokinha,run:44208296-f870-487a-93d5-72f755d6ec52,ready_auto,passed,2026-09-08T01:41:04.509Z,2026-09-08T01:45:35.732Z,2026-09-08T01:46:32.410Z,2026-09-08T01:47:12.142Z,96.41,39.732,30,0
UCNEBcKODDU-lILNuUDt3gbA,BMX 77,run:eacd5c35-ca8d-476d-bb05-2e0196f61b1f,ready_auto,passed,2026-09-08T01:41:04.509Z,2026-09-08T01:52:33.029Z,2026-09-08T01:53:01.653Z,2026-09-08T01:53:33.816Z,60.787,32.163,3,0
UCNRgtpcXJW-wBV27jLRLkJQ,UFSC Blumenau,run:5b1921e1-30cf-4f7a-8649-8daa1ac95e7c,ready_partial,dormant,2026-09-08T01:41:04.509Z,2026-09-08T01:59:53.252Z,2026-09-08T02:00:27.642Z,2026-09-08T02:00:27.642Z,34.39,0.0,0,not_in_ready_auto_audit
UCNXf7QqzA6k6RU8QIcFLkag,Daniel & Dimy,run:db213068-4512-44df-915a-3951675ff462,ready_auto,passed,2026-09-08T01:41:04.509Z,2026-09-08T01:56:38.434Z,2026-09-08T01:57:42.063Z,2026-09-08T01:58:30.409Z,111.975,48.346,7,0
UCNaLkgsbLdBS6fReDZm_nWQ,Brasil Zueiro,run:12c91291-82c2-4555-85c8-a3c94c0c33f8,ready_auto,passed,2026-09-08T01:41:04.509Z,2026-09-08T01:49:28.613Z,2026-09-08T02:01:54.972Z,2026-09-08T02:02:19.118Z,770.505,24.146,2,0
UCNdmMv0UNG470K6YHYznwKA,BMW Brasil,run:ad479a9d-12f6-47ea-b69c-52e7645e8eac,ready_auto,passed,2026-09-08T01:41:04.509Z,2026-09-08T01:51:46.399Z,2026-09-08T01:52:22.614Z,2026-09-08T01:53:27.982Z,101.583,65.368,30,0
UCNfzGMAcWrJHdB-lk1FSNpQ,Kleber Del Claro (A Ciência que nós fazemos),run:02ee71e9-9674-489b-a41e-c2e99c054d75,ready_partial,dormant,2026-09-08T01:41:04.509Z,2026-09-08T01:59:38.789Z,2026-09-08T02:00:19.150Z,2026-09-08T02:00:19.150Z,40.361,0.0,0,not_in_ready_auto_audit
UCNmkiszkH3TDkwzYdcv_yOA,Cristina Gomes,run:967d4444-ed9f-4589-8db5-7ad646c504f0,ready_auto,passed,2026-09-08T01:41:04.509Z,2026-09-08T01:57:13.813Z,2026-09-08T01:58:04.814Z,2026-09-08T01:59:37.050Z,143.237,92.236,4,0
UCNuOKoV4Q2pPNqvNUl6KKoA,Top Motos,run:719bda4a-ae13-4bd6-9f11-72f9089c35eb,ready_partial,dormant,2026-09-08T01:41:04.509Z,2026-09-08T01:52:12.659Z,2026-09-08T01:53:18.372Z,2026-09-08T01:53:18.373Z,65.714,0.001,0,not_in_ready_auto_audit
UCOIN4szbghd_LdqGES24eWQ,Speed Parts Brasil,run:ac971115-2f43-4063-ae97-069a6121330f,ready_partial,dormant,2026-09-08T01:41:04.509Z,2026-09-08T01:53:57.059Z,2026-09-08T01:54:31.932Z,2026-09-08T01:54:31.933Z,34.874,0.001,0,not_in_ready_auto_audit
UCOL3D0P70ka-pol5w7XP7Ow,Dicas Do Daniel,run:a2f316ff-e73c-479a-8bf1-806f8562dfe2,ready_partial,dormant,2026-09-08T01:41:04.509Z,2026-09-08T01:49:15.295Z,2026-09-08T01:49:55.028Z,2026-09-08T01:49:55.028Z,39.733,0.0,0,not_in_ready_auto_audit
UCOYQPkWPEk7QPBfCnSKOXkw,KARINA UZÊDA,run:ed198ec7-1396-418f-87a1-91b28bdcf72a,ready_auto,passed,2026-09-08T01:41:04.509Z,2026-09-08T01:59:45.020Z,2026-09-08T02:00:14.758Z,2026-09-08T02:01:32.675Z,107.655,77.917,2,0
UCOcnJ5lOAitvziiGRhNH-6w,Boletim INSS ,run:b811bd62-0da3-45c3-bacd-bc653cc25f17,ready_auto,passed,2026-09-08T01:41:04.509Z,2026-09-08T01:56:06.583Z,2026-09-08T01:56:44.360Z,2026-09-08T01:58:25.070Z,138.487,100.71,30,0
UCOg6CW-xF37zMklY5Gojbcw,Vivi Winkler,run:53e2789b-6ee4-4525-97e0-cfa395b0a92f,ready_auto,passed,2026-09-08T01:41:04.509Z,2026-09-08T01:41:38.622Z,2026-09-08T01:42:17.261Z,2026-09-08T01:43:42.715Z,124.093,85.454,30,0
UCOjzpMNHdhNJy2wxghrf2mQ,Wuizard,run:8292818f-76fa-4f26-b4d8-a34215a6f7e3,ready_auto,passed,2026-09-08T01:41:04.509Z,2026-09-08T01:50:54.228Z,2026-09-08T01:52:17.788Z,2026-09-08T01:53:18.662Z,144.434,60.874,30,0
UCOkv4fjuE0VKilXfwiWUneA,Biscuit Da Lary,run:6f306c45-a12f-4f13-868d-e16a90a643cf,ready_auto,passed,2026-09-08T01:41:04.509Z,2026-09-08T01:44:00.931Z,2026-09-08T01:44:55.984Z,2026-09-08T01:45:56.491Z,115.56,60.507,2,0
UCOo6nRzUzmaKZ_mwK94MfIg,DCVídeos,run:e66322c3-263c-4008-807b-3e15d459f5d3,ready_auto,passed,2026-09-08T01:41:04.509Z,2026-09-08T01:54:48.655Z,2026-09-08T01:55:19.974Z,2026-09-08T01:57:05.701Z,137.046,105.727,30,0
UCOsYLwAWJoTE09U3af_ZX-A,Pierre Marinho Biscuit ,run:f407a198-374b-4aff-aa3e-fc710644b494,ready_auto,passed,2026-09-08T01:41:04.509Z,2026-09-08T01:43:17.047Z,2026-09-08T01:44:26.709Z,2026-09-08T01:45:50.258Z,153.211,83.549,3,0
UCP8GsdpqoorBmNyypx56Uvg,K1NG,run:8680c7c4-594a-4399-b2af-6197abd38020,ready_auto,passed,2026-09-08T01:41:04.509Z,2026-09-08T01:50:31.599Z,2026-09-08T01:51:07.248Z,2026-09-08T01:52:29.035Z,117.436,81.787,30,0
UCPFp7jueKNCahkITclnGLsg, Dani Delinski - Costura Criativa,run:47ab5939-e0fb-4acc-9c9e-55b53593dd20,ready_auto,passed,2026-09-08T01:41:04.509Z,2026-09-08T01:59:28.740Z,2026-09-08T02:00:31.585Z,2026-09-08T02:01:03.975Z,95.235,32.39,11,0
UCPJ0kzyFqdgs-LqAjjzDPTg,tvtreba,run:afd88d06-1b80-4631-9d76-eb9d4abc01ff,ready_auto,passed,2026-09-08T01:41:04.509Z,2026-09-08T01:41:37.223Z,2026-09-08T01:42:00.703Z,2026-09-08T01:43:35.537Z,118.314,94.834,30,0
UCPJHprsFa_t5DAT6KJt16Cg,Arthur Paek,run:7cf5b85c-3c31-42fd-83b6-9098a348d4d9,ready_auto,passed,2026-09-08T01:41:04.509Z,2026-09-08T01:58:06.017Z,2026-09-08T01:59:02.959Z,2026-09-08T01:59:45.832Z,99.815,42.873,1,0
UCPR2cIofOmDrhgcQjV91plw,Elas Empreendedoras por Karen Etoboer,run:a27e37a6-fc8a-44d1-adfd-a8593ce80265,ready_auto,passed,2026-09-08T01:41:04.509Z,2026-09-08T01:58:34.163Z,2026-09-08T01:59:29.843Z,2026-09-08T02:00:50.805Z,136.642,80.962,6,0
UCPXpptSpw2ISORJxb1bi6iA,Adriana Amai,run:275d02d3-2db1-49e3-82a2-1a4b3da7f17e,ready_auto,passed,2026-09-08T01:41:04.509Z,2026-09-08T02:00:46.111Z,2026-09-08T02:01:10.954Z,2026-09-08T02:01:39.763Z,53.652,28.809,1,0
UCPbL8xhSn-18qQZPyuT9KMA,AFENIX PRODUTORA,run:69509b5d-51d9-4a89-9355-4870598c6bff,ready_partial,dormant,2026-09-08T01:41:04.509Z,2026-09-08T01:59:02.287Z,2026-09-08T02:00:02.118Z,2026-09-08T02:00:02.118Z,59.831,0.0,0,not_in_ready_auto_audit
UCPnJRRZZ5tiD8AAmky_xzyA,Canal o Homem Da Roça,run:d805e682-2eb8-4fff-8a67-00e1f338c522,ready_auto,passed,2026-09-08T01:41:04.509Z,2026-09-08T01:48:44.358Z,2026-09-08T01:49:23.631Z,2026-09-08T01:51:07.477Z,143.119,103.846,30,0
UCPqrrcB4DdoYSsvAfZ5uYEg,Renato Lucena Oficial,run:21587fd1-9884-4aaf-b2fb-b7dee12bda5e,ready_auto,passed,2026-09-08T01:41:04.509Z,2026-09-08T01:42:31.171Z,2026-09-08T01:43:11.794Z,2026-09-08T01:44:35.510Z,124.339,83.716,16,0
UCQDlfOr1ECsFPBX4yp30g_w,Loja Oficial 3 Palavrinhas ,run:c4216b2a-794a-40d5-a679-1f3a80842ea4,ready_partial,dormant,2026-09-08T01:41:04.509Z,2026-09-08T02:00:59.886Z,2026-09-08T02:01:40.396Z,2026-09-08T02:01:40.396Z,40.51,0.0,0,not_in_ready_auto_audit
UCQM5zqdGtvA4-NOIJGVGbaQ,Resenha Cast Café,run:23f7da8a-2d1c-410e-81d8-a716a30c7f3f,ready_partial,dormant,2026-09-08T01:41:04.509Z,2026-09-08T01:53:09.357Z,2026-09-08T01:53:57.438Z,2026-09-08T01:53:57.438Z,48.081,0.0,0,not_in_ready_auto_audit
UCQU3-EmsWdf-blbb86pI99g,Elenice Castro ,run:2450aeb8-9e53-4de3-a53a-7bc72b4f4e86,ready_partial,dormant,2026-09-08T01:41:04.509Z,2026-09-08T01:57:43.744Z,2026-09-08T01:58:33.393Z,2026-09-08T01:58:33.394Z,49.65,0.001,0,not_in_ready_auto_audit
UCQd3HJZNm04E_-cpYd_x1Lw,Carol Santin - Embarque Comigo,run:499a1a2a-03f6-418b-80b3-21d5102c9f1b,ready_partial,dormant,2026-09-08T01:41:04.509Z,2026-09-08T02:00:21.615Z,2026-09-08T02:00:45.356Z,2026-09-08T02:00:45.357Z,23.742,0.001,0,not_in_ready_auto_audit
UCQqqj_1mNn7DSGMsR7_BDcg,Mano LP,run:0eb7c2fb-5871-4948-b4fa-2513aa7e753a,ready_auto,passed,2026-09-08T01:41:04.509Z,2026-09-08T01:55:16.419Z,2026-09-08T01:56:10.989Z,2026-09-08T01:57:08.269Z,111.85,57.28,29,0
UCQxDnCnXOZrE1sjTGEuqNeQ,Ale Gitti,run:4c052cb7-3274-48eb-b796-7a51d7ebaa59,ready_auto,passed,2026-09-08T01:41:04.509Z,2026-09-08T01:57:25.515Z,2026-09-08T01:58:33.656Z,2026-09-08T01:59:37.798Z,132.283,64.142,30,0
UCR4diJKZAuS7gG2dOfOYK3Q,Yuji Pesca,run:443ac9f6-6093-445f-92f5-6d3917eb28fc,ready_auto,passed,2026-09-08T01:41:04.509Z,2026-09-08T01:54:35.260Z,2026-09-08T01:55:30.098Z,2026-09-08T01:56:02.358Z,87.098,32.26,30,0
UCR4mP_m4vECz7MHCf-uhI7w,Estudos Métricos da Informação,run:afddb6b4-41c0-4965-8f70-e86efcd55a10,ready_partial,dormant,2026-09-08T01:41:04.509Z,2026-09-08T01:59:33.074Z,2026-09-08T02:00:40.858Z,2026-09-08T02:00:40.858Z,67.784,0.0,0,not_in_ready_auto_audit
UCRKqKCxD9FfxTig0gIunSbA,Aula de Biscuit com Giovana Garcia,run:027cd4dd-5931-43a6-99ae-77549ceedf5c,ready_partial,dormant,2026-09-08T01:41:04.509Z,2026-09-08T01:45:20.885Z,2026-09-08T01:47:15.575Z,2026-09-08T01:47:15.576Z,114.691,0.001,0,not_in_ready_auto_audit
UCRdhKdx8sCyx6KTwGmMb78g,Assembleia Legislativa de Roraima,run:98dc1178-0e76-43dc-ae0e-57839a43a80d,ready_partial,dormant,2026-09-08T01:41:04.509Z,2026-09-08T01:56:01.205Z,2026-09-08T01:56:01.313Z,2026-09-08T01:56:01.313Z,0.108,0.0,0,not_in_ready_auto_audit
UCReFagKZZzPFPQ1ZgGgKRBQ,Sonho em Quatro Rodas,run:000e5204-456f-4dca-bc2f-3d8552046f9d,ready_auto,passed,2026-09-08T01:41:04.509Z,2026-09-08T01:53:57.015Z,2026-09-08T01:54:36.495Z,2026-09-08T01:55:55.334Z,118.319,78.839,12,0
UCRgLKG8XG0CJsCGYIc9J8KA,estsee,run:80c6df0a-6ef8-45eb-8c9e-026e3870d98c,ready_auto,passed,2026-09-08T01:41:04.509Z,2026-09-08T01:46:58.950Z,2026-09-08T01:47:40.180Z,2026-09-08T01:48:16.153Z,77.203,35.973,30,0
UCRzz9GnVUBFZ2ydK0dEvt6Q,Cortes MSP Cast [OFICIAL],run:bcb9a7d2-2cb3-4c88-b7f6-af0a288a7af3,ready_partial,dormant,2026-09-08T01:41:04.509Z,2026-09-08T01:44:28.676Z,2026-09-08T01:45:22.527Z,2026-09-08T01:45:22.527Z,53.851,0.0,0,not_in_ready_auto_audit
UCS1T3LP1ekttXnoTW2jylnw,Doce Alternativa,run:a1c264f1-c13a-4e93-a381-c39b6d7ba9ab,ready_partial,dormant,2026-09-08T01:41:04.509Z,2026-09-08T01:56:47.141Z,2026-09-08T01:57:06.366Z,2026-09-08T01:57:06.366Z,19.225,0.0,0,not_in_ready_auto_audit
UCSPZDR0WPFKGYpu8YxdWnaQ,Fabia Godoi,run:06904d72-2e6b-4d74-b9e1-f7649b4777f7,ready_auto,passed,2026-09-08T01:41:04.509Z,2026-09-08T02:00:33.061Z,2026-09-08T02:01:29.683Z,2026-09-08T02:01:46.977Z,73.916,17.294,30,0
UCSnUoB_TXU2wmmxyATjfvMw,Visão do Rio,run:6b03e3d3-dd37-48b5-bab5-827df81714c6,ready_auto,passed,2026-09-08T01:41:04.509Z,2026-09-08T01:48:46.053Z,2026-09-08T01:49:40.066Z,2026-09-08T01:51:08.920Z,142.867,88.854,30,0
UCSorSSC65cU6v4F6m718B5Q,Paulo Invest,run:6fff9d21-b9da-4c41-af1c-dedd2a16dbc4,ready_auto,passed,2026-09-08T01:41:04.509Z,2026-09-08T01:42:27.302Z,2026-09-08T01:43:15.683Z,2026-09-08T01:43:48.842Z,81.54,33.159,1,0
UCTg0ypouUQ8ENRbxwb5CiEA,Bolos para Vender,run:3fdb47ff-c8db-4e9b-b485-37472aee0709,ready_partial,dormant,2026-09-08T01:41:04.509Z,2026-09-08T01:58:18.090Z,2026-09-08T01:58:53.005Z,2026-09-08T01:58:53.005Z,34.915,0.0,0,not_in_ready_auto_audit
UCTwUnhyGP0m6l8wQX55e9Eg,Anda no Rio e Brasil,run:add1b70a-7367-4e5d-985b-36596371dd8d,ready_auto,passed,2026-09-08T01:41:04.509Z,2026-09-08T01:48:43.799Z,2026-09-08T01:49:40.065Z,2026-09-08T01:51:06.802Z,143.003,86.737,2,0
UCTwa4HfcLq3D9pY3dRWsySA,Ciência Traduzida,run:19bda6c4-9963-4859-8fc0-dacedd580eb4,ready_partial,dormant,2026-09-08T01:41:04.509Z,2026-09-08T01:43:57.865Z,2026-09-08T01:44:35.940Z,2026-09-08T01:44:35.940Z,38.075,0.0,0,not_in_ready_auto_audit
UCU4gy4nRlMs6KgVENYTgZvA,Fábio Vieira,run:1f337ce7-1b42-4d79-9c19-dd7c2605093a,ready_partial,dormant,2026-09-08T01:41:04.509Z,2026-09-08T01:43:50.228Z,2026-09-08T01:44:50.367Z,2026-09-08T01:44:50.368Z,60.14,0.001,0,not_in_ready_auto_audit
UCU8MdO1QE_MPWvAfj741dqQ,MrJhont,run:e067ea44-b440-4a15-8f4e-ea1a6ad71ca1,ready_auto,passed,2026-09-08T01:41:04.509Z,2026-09-08T01:42:44.767Z,2026-09-08T01:43:48.406Z,2026-09-08T01:44:40.135Z,115.368,51.729,30,0
UCUAuoNEfoEkVl9P_3M7Hx9g,Almir Junior Pro,run:f83809bf-a2f2-4f63-b3ac-48285463d087,ready_partial,dormant,2026-09-08T01:41:04.509Z,2026-09-08T01:49:52.612Z,2026-09-08T01:50:57.546Z,2026-09-08T01:50:57.546Z,64.934,0.0,0,not_in_ready_auto_audit
UCUE8XRrOPP6z_g_lwfEHlpw,"CURSOS DE MERGULHO LIVRE, PESCA SUB, APNEIA, LOJA",run:8902726a-0a72-47c6-959e-db5699cd5102,ready_auto,passed,2026-09-08T01:41:04.509Z,2026-09-08T01:55:10.644Z,2026-09-08T01:55:46.420Z,2026-09-08T01:57:07.557Z,116.913,81.137,2,0
UCUNqZtpNfiQLQZ9PiY-pYMA,Treino Inteligente 2.0,run:d73f9b55-9ed7-4a71-9775-068bde349047,ready_auto,passed,2026-09-08T01:41:04.509Z,2026-09-08T01:44:53.658Z,2026-09-08T02:01:25.257Z,2026-09-08T02:01:43.786Z,1010.128,18.529,2,0
UCUkyc-Gr9nsMwQrRCoPC1Fg,Super Biscuit,run:ca23422b-8a22-49f0-84a1-476b5f49db0f,ready_auto,passed,2026-09-08T01:41:04.509Z,2026-09-08T01:45:21.362Z,2026-09-08T01:45:46.442Z,2026-09-08T01:47:08.008Z,106.646,81.566,1,0
UCUrQ__GcRp8g6VXVglK3Ydw,Futebol Boss,run:f1713923-eecc-42ee-b713-7d5b7b783c59,ready_auto,passed,2026-09-08T01:41:04.509Z,2026-09-08T01:55:21.126Z,2026-09-08T01:55:51.582Z,2026-09-08T01:57:09.512Z,108.386,77.93,30,0
UCUw1oyqtW7PpeEVmTorPEDw,Pod Acessar,run:bbbb7de3-e1eb-4cce-8f0d-5f3e30acc9df,ready_auto,passed,2026-09-08T01:41:04.509Z,2026-09-08T01:41:38.705Z,2026-09-08T01:42:37.643Z,2026-09-08T01:43:43.507Z,124.802,65.864,30,0
UCV4gj8HgZl997EZYHQZGCbw,Cadillac Dinossauros,run:675a1f31-940c-46fa-989b-eda7ad90912c,ready_partial,dormant,2026-09-08T01:41:04.509Z,2026-09-08T01:41:37.459Z,2026-09-08T01:42:30.445Z,2026-09-08T01:42:30.445Z,52.986,0.0,0,not_in_ready_auto_audit
UCV8QKzUsl_VEEBilmW7eHPg,Biscuit da Zurc,run:74a5b90d-a96c-41bc-b070-f27e9dd4e391,ready_auto,passed,2026-09-08T01:41:04.509Z,2026-09-08T01:45:13.656Z,2026-09-08T01:46:10.431Z,2026-09-08T01:47:07.507Z,113.851,57.076,4,0
UCV8zuWN8EWaz5iOt0S_qI5A,Se Torne Investidor com Wesley Martins,run:1a886aff-5083-4af5-8698-f9c8ca158d2c,ready_auto,passed,2026-09-08T01:41:04.509Z,2026-09-08T01:42:33.662Z,2026-09-08T01:43:32.671Z,2026-09-08T01:44:36.725Z,123.063,64.054,3,0
UCVGEzIT-sJdWzkSzczN2usQ,Grupo de Dabke Yalla Shabab,run:08b2d3e5-6506-4fa9-8082-f862b93fc923,ready_auto,passed,2026-09-08T01:41:04.509Z,2026-09-08T01:53:39.514Z,2026-09-08T01:54:30.454Z,2026-09-08T01:55:50.536Z,131.022,80.082,1,0
UCVWeHWuj1J-vCjyrQjkgsXw,Vou Descobrir,run:5cebadda-724c-48ec-8b62-3e3ea91bba63,ready_partial,dormant,2026-09-08T01:41:04.509Z,2026-09-08T01:45:27.294Z,2026-09-08T01:46:25.932Z,2026-09-08T01:46:25.932Z,58.638,0.0,0,not_in_ready_auto_audit
UCVYXbIvSSvrN1vHemGkmlRg,Biz RX Moto Aventura,run:9681e9d9-3627-4ab0-8178-c4f363bc7c56,ready_auto,passed,2026-09-08T01:41:04.509Z,2026-09-08T01:46:12.143Z,2026-09-08T01:47:22.907Z,2026-09-08T01:48:05.622Z,113.479,42.715,1,0
UCV_6ZmyE2EZJSUEkerMlI5Q,MPB Discos Completos,run:c35f6f50-2bcb-4620-bb08-59d1e702625f,ready_partial,dormant,2026-09-08T01:41:04.509Z,2026-09-08T01:48:28.716Z,2026-09-08T01:48:43.984Z,2026-09-08T01:48:43.984Z,15.268,0.0,0,not_in_ready_auto_audit
UCVaNug_ymjhfMVNba-d9ZKQ,Chef Cris Vianna,run:17259cc5-3678-4352-8c45-9515d0bb0ed5,ready_partial,dormant,2026-09-08T01:41:04.509Z,2026-09-08T01:57:43.283Z,2026-09-08T01:58:36.478Z,2026-09-08T01:58:36.479Z,53.196,0.001,0,not_in_ready_auto_audit
UCVnuLoXTXauz8-d9A7nnYdg,Caleen,run:935340ee-248d-4724-9403-8209ebdbf8e0,ready_auto,passed,2026-09-08T01:41:04.509Z,2026-09-08T01:50:56.456Z,2026-09-08T01:51:26.823Z,2026-09-08T01:52:36.679Z,100.223,69.856,21,0
UCVwVPAqNifrcl3Ome5idrEQ,Lucas Moura,run:ee8391d7-013a-4410-8c3d-add18f5e5e5f,ready_partial,dormant,2026-09-08T01:41:04.509Z,2026-09-08T01:46:12.830Z,2026-09-08T01:46:37.900Z,2026-09-08T01:46:37.901Z,25.071,0.001,0,not_in_ready_auto_audit
UCW0LtnmZLSLea_Ei4T9s8KA,Sua Imagem Sua Marca - Christie Giovannetti,run:e4738200-ba5e-4c6b-b0f5-c3c3863df5e7,ready_auto,passed,2026-09-08T01:41:04.509Z,2026-09-08T02:01:07.304Z,2026-09-08T02:01:43.257Z,2026-09-08T02:02:02.267Z,54.963,19.01,28,0
UCW1LVaSKdRdpd6rZ21PZSDw,Leo Kazuya | Rolê De Vegano,run:051ec597-0bbf-491b-8726-a215bb95af33,ready_partial,dormant,2026-09-08T01:41:04.509Z,2026-09-08T01:58:53.734Z,2026-09-08T01:59:35.132Z,2026-09-08T01:59:35.132Z,41.398,0.0,0,not_in_ready_auto_audit
UCW2oeBthy7dKuqwS4TzyKMw,Lívia Cristina,run:edd99f88-ba1f-4950-81ae-67a8b586b019,ready_partial,dormant,2026-09-08T01:41:04.509Z,2026-09-08T01:58:12.655Z,2026-09-08T01:59:01.322Z,2026-09-08T01:59:01.322Z,48.667,0.0,0,not_in_ready_auto_audit
UCW5-DXNq9QWhw-R-AieZgqw,Conecta Com ALY,run:a8163df0-d151-424b-904a-9fa6f56d3879,ready_auto,passed,2026-09-08T01:41:04.509Z,2026-09-08T01:44:28.079Z,2026-09-08T01:45:24.011Z,2026-09-08T01:46:00.464Z,92.385,36.453,30,0
UCW6dyxPZkiaePUqvrtF5QlA,Sumera Tech,run:697f215f-c0d6-40f5-b9f3-707cbe47b378,ready_partial,dormant,2026-09-08T01:41:04.509Z,2026-09-08T01:51:03.401Z,2026-09-08T01:51:32.861Z,2026-09-08T01:51:32.862Z,29.461,0.001,0,not_in_ready_auto_audit
UCWEuX1yiSY_LLoXeKZ27kKw,Método 12P - Importação & E-commerce,run:01211094-9d23-4d72-b1c3-17e0e7bd85db,ready_auto,passed,2026-09-08T01:41:04.509Z,2026-09-08T02:00:22.998Z,2026-09-08T02:01:03.106Z,2026-09-08T02:01:39.211Z,76.213,36.105,30,0
UCWG2b3GNAIDx9KlpYn_WEJQ,Celebs Goat,run:97fd3f19-38fb-42cc-8ccc-6cbcc8b9a9b8,ready_auto,passed,2026-09-08T01:41:04.509Z,2026-09-08T01:49:24.593Z,2026-09-08T01:50:25.101Z,2026-09-08T01:51:15.083Z,110.49,49.982,26,0
UCWVFCw3wdi41I7D7tP-7vQg,Hellena Cometti Costura,run:e195acd8-32c7-47c3-8c66-4bbb26e0d1c4,ready_auto,passed,2026-09-08T01:41:04.509Z,2026-09-08T02:01:07.690Z,2026-09-08T02:02:08.417Z,2026-09-08T02:02:46.784Z,99.094,38.367,7,0
UCWcQLPOyDFoktezqsxxWLxg,CONFAP,run:f95fb270-2821-46df-8c16-d2905952c928,ready_auto,passed,2026-09-08T01:41:04.509Z,2026-09-08T02:00:03.973Z,2026-09-08T02:00:51.193Z,2026-09-08T02:01:35.480Z,91.507,44.287,30,0
UCX3Y1r0_VdTia2ZR7lMOSUA,CozinhandoComNane,run:16336574-5383-4faf-a872-401b61394f2d,ready_auto,passed,2026-09-08T01:41:04.509Z,2026-09-08T01:57:26.751Z,2026-09-08T01:58:04.206Z,2026-09-08T01:59:38.544Z,131.793,94.338,3,0
UCXBcRcTjhI6mGRi0q4B38LQ,Bia Cravol,run:706b83e2-3226-4396-9fa3-4d826baf1c05,ready_partial,dormant,2026-09-08T01:41:04.509Z,2026-09-08T01:45:22.454Z,2026-09-08T01:45:56.409Z,2026-09-08T01:45:56.409Z,33.955,0.0,0,not_in_ready_auto_audit
UCX_2ZJPyqJVpC4Tk7YOzw5Q,cbrasb,run:55d07635-b5d4-4ce5-abcd-001615d413be,ready_auto,passed,2026-09-08T01:41:04.509Z,2026-09-08T01:53:59.063Z,2026-09-08T01:54:52.659Z,2026-09-08T01:55:56.307Z,117.244,63.648,5,0
UCXkotls4CTmat4FeT7UpiBg,Fabricio Bloisi,run:48fe95f4-f00a-4f59-8104-0dbc093d16ef,ready_partial,dormant,2026-09-08T01:41:04.509Z,2026-09-08T01:41:38.998Z,2026-09-08T01:42:34.976Z,2026-09-08T01:42:34.976Z,55.978,0.0,0,not_in_ready_auto_audit
UCXnRa9FHrdet-dS3veX617A,Thais Braz,run:91569b04-569c-4b72-ac44-929484b0a7aa,ready_auto,passed,2026-09-08T01:41:04.509Z,2026-09-08T01:51:39.143Z,2026-09-08T01:52:38.090Z,2026-09-08T01:53:26.287Z,107.144,48.197,30,0
UCXrSLrgAzfbdOp2-opAV1Lg,Blog do Kempes,run:e5eea103-48c6-4868-a213-6600b09e8dac,ready_auto,passed,2026-09-08T01:41:04.509Z,2026-09-08T01:49:19.180Z,2026-09-08T01:50:17.156Z,2026-09-08T01:51:11.446Z,112.266,54.29,30,0
UCXs3LHxIwbfr5_HrySsGXTA,CNPqOficial,run:41033a78-8c98-41d7-9c1a-da937ade166a,ready_partial,passed,2026-09-08T01:41:04.509Z,2026-09-08T02:00:21.998Z,2026-09-08T02:00:58.912Z,2026-09-08T02:01:37.677Z,75.679,38.765,0,not_in_ready_auto_audit
UCY-NUmMAI9Mr05A3a4cmXLw,Sam's Club Brasil,run:697825b8-72da-481f-b729-9a8f0ffc2b20,ready_auto,passed,2026-09-08T01:41:04.509Z,2026-09-08T01:56:26.329Z,2026-09-08T01:57:15.624Z,2026-09-08T01:58:28.370Z,122.041,72.746,3,0
UCY4pxKSzxcYgDfgDZ_c2jTQ,Daniel Biologia,run:8a800e16-7238-4988-b822-33ffd37e7f0d,ready_auto,passed,2026-09-08T01:41:04.509Z,2026-09-08T01:43:37.995Z,2026-09-08T01:44:41.946Z,2026-09-08T01:45:54.508Z,136.513,72.562,30,0
UCYCRQ-ulnzV_kMR2RSr59HQ,Bobina Quente ®,run:f5ee9473-603d-43fc-871c-d7dc09bceb1d,ready_auto,passed,2026-09-08T01:41:04.509Z,2026-09-08T01:53:18.881Z,2026-09-08T01:53:46.919Z,2026-09-08T01:54:59.656Z,100.775,72.737,4,0
UCYF181ESO69Nt42W-Pksj-Q,Vagostelo,run:4db04011-3c3a-4b47-a20b-c3e6d66177a5,ready_auto,passed,2026-09-08T01:41:04.509Z,2026-09-08T01:53:47.708Z,2026-09-08T01:54:24.212Z,2026-09-08T01:55:53.815Z,126.107,89.603,30,0
UCYPI_EGGQ1aNxXElruuyp8g,Declarando Bitcoin,run:bc7e60b9-62d5-4ac5-91c7-f62e50a8f81b,ready_auto,passed,2026-09-08T01:41:04.509Z,2026-09-08T01:42:30.920Z,2026-09-08T01:43:25.522Z,2026-09-08T01:44:34.822Z,123.902,69.3,30,0
UCYQQ_TCeDboXxuwz4sx5zWw,BlueStar Artes Artesanato & Confeitaria,run:8cd7c37d-e0c6-4a0b-be2a-c856bfce4b7c,ready_auto,passed,2026-09-08T01:41:04.509Z,2026-09-08T01:41:39.104Z,2026-09-08T01:42:43.061Z,2026-09-08T01:43:44.178Z,125.074,61.117,30,0
UCYdmnhx1tryulnCayQyvEDQ,Cozinha Apê 124,run:09763194-ea5d-495e-a70c-23785b953535,ready_partial,dormant,2026-09-08T01:41:04.509Z,2026-09-08T01:58:23.588Z,2026-09-08T01:58:56.840Z,2026-09-08T01:58:56.840Z,33.252,0.0,0,not_in_ready_auto_audit
UCYykqOLJ-RwbtzZuBLWwweA,Daiane Bonfim,run:f3684737-26de-41b7-9d32-845ebaebee91,ready_auto,passed,2026-09-08T01:41:04.509Z,2026-09-08T01:42:02.064Z,2026-09-08T01:42:28.326Z,2026-09-08T01:43:44.850Z,102.786,76.524,9,0
UCZKQwTPyK4Mg6iLFxJ8MFxw,Luana Rachelle - Lua de Lua ateliê ,run:e1222f42-4053-4416-9fe9-3a023e89e1c2,ready_auto,passed,2026-09-08T01:41:04.509Z,2026-09-08T02:00:33.037Z,2026-09-08T02:01:22.594Z,2026-09-08T02:01:46.412Z,73.375,23.818,3,0
UCZLcrrhta_llTrnrqQDWpAQ,Maternidade Sem Neura,run:137c9725-7d83-4ebd-8731-1a7e53e0d1b6,ready_auto,passed,2026-09-08T01:41:04.509Z,2026-09-08T02:00:34.920Z,2026-09-08T02:02:33.944Z,2026-09-08T02:02:57.838Z,142.918,23.894,30,0
UCZN1nDUWDIgDsnQAq9qtG7w,Sloths,run:7bfae145-e89d-4112-8080-3b64b0f45da7,ready_auto,passed,2026-09-08T01:41:04.509Z,2026-09-08T01:55:20.292Z,2026-09-08T01:55:41.931Z,2026-09-08T01:57:08.863Z,108.571,86.932,3,0
UCZbCARm3sig1x0Nxql6czNg,Dudoka tv,run:ce22028e-b16e-4ef8-8c15-4e60a50eba13,ready_auto,passed,2026-09-08T01:41:04.509Z,2026-09-08T01:51:03.538Z,2026-09-08T01:51:56.639Z,2026-09-08T01:52:37.418Z,93.88,40.779,8,0
UCZrnRGzdMS9F769vQ7X7nSg,Cortes de Animes Oficiais ,run:f830cdf7-345c-4de8-80e9-38b94fd58a50,ready_partial,dormant,2026-09-08T01:41:04.509Z,2026-09-08T01:47:08.348Z,2026-09-08T01:48:01.233Z,2026-09-08T01:48:01.233Z,52.885,0.0,0,not_in_ready_auto_audit
UCZy_I54Uikd_xMSpfJvvpgw,Christian Dellon,run:b998f793-a8f7-4c79-a861-0add0101095e,ready_partial,dormant,2026-09-08T01:41:04.509Z,2026-09-08T01:52:46.371Z,2026-09-08T01:53:15.245Z,2026-09-08T01:53:15.246Z,28.875,0.001,0,not_in_ready_auto_audit
UC_2_TYzQ9szZs-Ir9RxLV-w,Canal Mundo Bet,run:cc98dba1-26e2-4dee-9152-bc5b8fadfbbd,ready_auto,passed,2026-09-08T01:41:04.509Z,2026-09-08T01:42:21.743Z,2026-09-08T01:42:59.802Z,2026-09-08T01:43:46.610Z,84.867,46.808,30,0
UC_Gv-Q4qRl89iODaWBrBLTQ,Bruno Mestre Construtor,run:39ab296d-5cea-4f23-ae10-1233cc62f1a5,ready_partial,dormant,2026-09-08T01:41:04.509Z,2026-09-08T01:48:46.017Z,2026-09-08T01:49:22.638Z,2026-09-08T01:49:22.638Z,36.621,0.0,0,not_in_ready_auto_audit
UC_UGCHSD3WGQYgbcQL0LltA,Cristina Bonita,run:d1bfc777-ca83-42a6-83be-9d4d6c61d2c7,ready_auto,passed,2026-09-08T01:41:04.509Z,2026-09-08T01:44:56.662Z,2026-09-08T01:45:20.281Z,2026-09-08T01:47:04.695Z,128.033,104.414,30,0
UC_n2-RkfgGDjlNIESp6hZyw,Board Game Brasil,run:6705690f-d373-4698-a800-1a176216f5c1,ready_auto,passed,2026-09-08T01:41:04.509Z,2026-09-08T01:52:40.690Z,2026-09-08T01:53:13.372Z,2026-09-08T01:54:53.886Z,133.196,100.514,24,0
UC_tukSX0AwgImFEWBSh3DGg,VidaCulturismo,run:eea8a86e-f4c8-44a6-8fe4-753724f42c9f,ready_partial,dormant,2026-09-08T01:41:04.509Z,2026-09-08T01:44:50.182Z,2026-09-08T01:45:21.284Z,2026-09-08T01:45:21.285Z,31.103,0.001,0,not_in_ready_auto_audit
UCa6-7tXsT8UoSqoy8oj9S4Q,Regional Unifesp,run:3b371658-5ec2-4495-ac97-e2ae685c8fde,ready_partial,dormant,2026-09-08T01:41:04.509Z,2026-09-08T01:49:42.059Z,2026-09-08T01:50:37.210Z,2026-09-08T01:50:37.210Z,55.151,0.0,0,not_in_ready_auto_audit
UCa73NbJBmIsZdm8ByPvSSDQ,Mototerapia BR,run:5c60212c-2ef1-477a-a45e-d06a2b7d94f8,ready_partial,dormant,2026-09-08T01:41:04.509Z,2026-09-08T01:52:12.373Z,2026-09-08T01:52:48.501Z,2026-09-08T01:52:48.501Z,36.128,0.0,0,not_in_ready_auto_audit
UCaJ8r_0nFEpVsl80YcvHIMg,Fubeca Race,run:ef4f2559-52f1-49d2-9497-3c67216a229b,ready_auto,passed,2026-09-08T01:41:04.509Z,2026-09-08T01:55:24.069Z,2026-09-08T01:56:00.133Z,2026-09-08T01:57:10.133Z,106.064,70.0,21,0
UCaMm9Dk5Ns7qkU5RYmSVljw,VÍTOR PARRAGA,run:6611d941-b9fa-4c28-a2ca-30d2be60a0b7,ready_auto,passed,2026-09-08T01:41:04.509Z,2026-09-08T01:50:02.696Z,2026-09-08T01:50:39.452Z,2026-09-08T01:51:18.692Z,75.996,39.24,30,0
UCaO7ifnSflN05oCRrBzhPwg,Juju Feijó,run:2a8db743-786c-4000-a8c0-4a3cf3cdaf19,ready_auto,passed,2026-09-08T01:41:04.509Z,2026-09-08T01:51:37.563Z,2026-09-08T01:52:01.718Z,2026-09-08T01:53:25.305Z,107.742,83.587,30,0
UCaOrYCMEEXFcaz07NNwUioA,Melhores da Base,run:5cc93c0b-6154-4b2b-9e3e-7fb2dbc3b0aa,ready_auto,passed,2026-09-08T01:41:04.509Z,2026-09-08T01:55:25.172Z,2026-09-08T01:56:04.986Z,2026-09-08T01:57:10.842Z,105.67,65.856,25,0
UCaUgDtaxBA_MdvZxVPZ2Mzw,Travel S/A,run:20dec3dc-d95b-4e72-966e-60b70d979c5a,ready_auto,passed,2026-09-08T01:41:04.509Z,2026-09-08T01:54:10.573Z,2026-09-08T01:54:45.298Z,2026-09-08T01:55:56.848Z,106.275,71.55,18,0
UCaXBij_FIdHqmBRtvZQko9A,Intenso BMX,run:b695dbde-2b99-4088-b1f2-0fd25ed7a94f,ready_partial,dormant,2026-09-08T01:41:04.509Z,2026-09-08T01:52:37.054Z,2026-09-08T01:53:14.908Z,2026-09-08T01:53:14.908Z,37.854,0.0,0,not_in_ready_auto_audit
UCa_9USZGCMESeyq0f2iYotA,Jecy,run:343fd562-a7bf-424d-927c-569faed26d86,ready_partial,dormant,2026-09-08T01:41:04.509Z,2026-09-08T01:49:23.329Z,2026-09-08T01:49:36.376Z,2026-09-08T01:49:36.376Z,13.047,0.0,0,not_in_ready_auto_audit
UCac_dbs6aSgp7PeNfaGxHMg,(.Nex”),run:fea04c22-d9dc-4665-9cf5-c2e8241d4989,ready_auto,passed,2026-09-08T01:41:04.509Z,2026-09-08T01:50:44.341Z,2026-09-08T01:51:38.149Z,2026-09-08T01:52:34.416Z,110.075,56.267,30,0
UCaeMxeDfasaHj_VV4Kho78g,Vinicio Antony - Performance e Treinamento,run:a35ac374-839c-4779-bc85-0bf585ad5e77,ready_auto,passed,2026-09-08T01:41:04.509Z,2026-09-08T01:43:30.928Z,2026-09-08T01:44:27.146Z,2026-09-08T01:45:52.176Z,141.248,85.03,30,0
UCapPbuk9F08siZzw0u-ECYw,My Hero Academia Brasil,run:1fd40c13-bc85-4346-acd9-8db4d4fa16e8,ready_partial,dormant,2026-09-08T01:41:04.509Z,2026-09-08T01:55:00.189Z,2026-09-08T01:55:52.935Z,2026-09-08T01:55:52.935Z,52.746,0.0,0,not_in_ready_auto_audit
UCavcZt2koKqnepGdmZ15wQA,Aulinhas da Paixão,run:d37afae2-8d5e-48ae-8d90-1911ff581e5a,ready_auto,passed,2026-09-08T01:41:04.509Z,2026-09-08T01:45:24.929Z,2026-09-08T01:46:24.855Z,2026-09-08T01:47:09.552Z,104.623,44.697,17,0
UCb1p6dE27v6vsCdeFn6OkEQ,ParaBlogueiros,run:88e1ce7c-0d73-4334-a749-8d000e3ec372,ready_partial,dormant,2026-09-08T01:41:04.509Z,2026-09-08T01:49:14.791Z,2026-09-08T01:49:38.899Z,2026-09-08T01:49:38.900Z,24.109,0.001,0,not_in_ready_auto_audit
UCbMr3R6Azb6GSvzoGvn2BCA,Bitnoob,run:3a0776a9-8a36-4a56-a9e4-824d063efdac,ready_auto,passed,2026-09-08T01:41:04.509Z,2026-09-08T01:42:35.937Z,2026-09-08T01:43:33.587Z,2026-09-08T01:44:37.419Z,121.482,63.832,29,0
UCbRr_iNugU0bOtulkigy2Tg,Ateliê Juliana Nogueira ,run:fa4745dd-56ab-478a-98bb-e56c32217efe,ready_auto,passed,2026-09-08T01:41:04.509Z,2026-09-08T01:59:36.954Z,2026-09-08T02:00:16.411Z,2026-09-08T02:01:30.611Z,113.657,74.2,30,1
UCbbqbUnGaDsurF-SBkrqEHQ,Pablo Nunes YT,run:ef0f2204-489c-4a52-83d3-50f71c30a26f,ready_partial,dormant,2026-09-08T01:41:04.509Z,2026-09-08T01:53:33.050Z,2026-09-08T01:54:09.769Z,2026-09-08T01:54:09.770Z,36.72,0.001,0,not_in_ready_auto_audit
UCbppt0ZNLBZ4_n2ZPzjx-Fg,Diego Borges,run:6a4675bf-f1f5-4d31-89dd-54f8aaa4cb5b,ready_auto,passed,2026-09-08T01:41:04.509Z,2026-09-08T01:42:39.606Z,2026-09-08T01:43:35.789Z,2026-09-08T01:44:39.368Z,119.762,63.579,11,0
UCbsFSGuLEQnNJ8YiK7dh4og,🎓 Revisão de Biologia 🌿,run:e3bb3a11-0990-49a4-994a-ee1a8085893e,ready_partial,dormant,2026-09-08T01:41:04.509Z,2026-09-08T01:44:06.295Z,2026-09-08T01:44:30.328Z,2026-09-08T01:44:30.328Z,24.033,0.0,0,not_in_ready_auto_audit
UCbsQ5nqwUytLSyEGfrAh-Pg,Ricardito Bordin,run:78c97100-6e39-40ee-b1d5-b6ce38309a9c,ready_partial,dormant,2026-09-08T01:41:04.509Z,2026-09-08T01:47:58.931Z,2026-09-08T01:48:21.797Z,2026-09-08T01:48:21.797Z,22.866,0.0,0,not_in_ready_auto_audit
UCbwjCVp5IcaqD1yRVR5Dc5A,+ZOOM TOQUE,run:cd77c375-3366-4186-877e-7bbc0300685a,ready_auto,passed,2026-09-08T01:41:04.509Z,2026-09-08T01:47:36.439Z,2026-09-08T01:48:09.532Z,2026-09-08T01:49:55.946Z,139.507,106.414,4,0
UCc2clkCScRJuXsz2w0i7vkQ,Antonio Neto ,run:cd24840e-6967-47da-80e5-c0ee30115ae4,ready_partial,dormant,2026-09-08T01:41:04.509Z,2026-09-08T01:42:30.771Z,2026-09-08T01:43:23.611Z,2026-09-08T01:43:23.612Z,52.841,0.001,0,not_in_ready_auto_audit
UCc7E5OrQT6A0PlCnNT2oZuQ,ZackZin,run:3ca95e35-507e-4622-b839-955469d47ef4,ready_auto,passed,2026-09-08T01:41:04.509Z,2026-09-08T01:50:29.907Z,2026-09-08T01:51:31.051Z,2026-09-08T01:52:28.092Z,118.185,57.041,11,0
UCc7x8VmyyO_JWduBjQ6_Lng,Alice Steffane,run:4cb2162a-9c05-440e-a07d-b892b6a65762,ready_auto,passed,2026-09-08T01:41:04.509Z,2026-09-08T02:00:33.524Z,2026-09-08T02:01:23.617Z,2026-09-08T02:01:47.558Z,74.034,23.941,1,0
UCcAX3zoRS0Lz7NUEK_j0qpg,Esporte Total - Momentos Emocionantes,run:89188f40-1efe-4b8b-a278-2d85f105d172,ready_auto,passed,2026-09-08T01:41:04.509Z,2026-09-08T02:00:22.136Z,2026-09-08T02:00:59.391Z,2026-09-08T02:01:38.294Z,76.158,38.903,30,0
UCcPKNbW9QZ_07nnzCqwxpAA,Uma veterinária na cozinha,run:3a436b5a-8e90-4cf6-bfef-2a7b9bbce95b,ready_partial,dormant,2026-09-08T01:41:04.509Z,2026-09-08T01:57:56.616Z,2026-09-08T01:58:58.595Z,2026-09-08T01:58:58.596Z,61.98,0.001,0,not_in_ready_auto_audit
UCcQDXY33Kv9VcUncVNXgEJg,Jota ,run:c2043e1d-0286-4448-9232-fb67269bcf46,ready_auto,passed,2026-09-08T01:41:04.509Z,2026-09-08T01:47:23.964Z,2026-09-08T01:48:23.228Z,2026-09-08T01:49:52.300Z,148.336,89.072,30,0
UCcZV5VdahPHZqqCJxFrTClg,SÓ VA'AI,run:31cfa323-24e3-4fa2-85cf-a28a0f1586b7,ready_auto,passed,2026-09-08T01:41:04.509Z,2026-09-08T01:41:37.879Z,2026-09-08T01:42:29.297Z,2026-09-08T01:43:38.599Z,120.72,69.302,11,0
UCcdF9elnCwVWPfyAxVfufbQ,Prefeitura de Parauapebas,run:09a3fd08-410a-4173-8b69-8bfec9c9f22f,ready_auto,passed,2026-09-08T01:41:04.509Z,2026-09-08T01:55:53.708Z,2026-09-08T01:56:54.494Z,2026-09-08T01:58:20.294Z,146.586,85.8,30,0
UCcgC_Ej5xhoojRkT1ZFd5Hw,Silvana Receitas,run:6b83f001-a163-47be-9e6c-d8c52cd6d392,ready_auto,passed,2026-09-08T01:41:04.509Z,2026-09-08T01:58:01.540Z,2026-09-08T01:58:51.552Z,2026-09-08T01:59:43.651Z,102.111,52.099,2,0
UCciQ4oIsex9PBEQnDNiqDPA,Fazendo Arte 10,run:9f87813a-72bb-4c0d-a4ec-34f5fbecbe0c,ready_auto,passed,2026-09-08T01:41:04.509Z,2026-09-08T01:50:59.852Z,2026-09-08T01:52:10.959Z,2026-09-08T01:53:19.882Z,140.03,68.923,18,0
UCcpgEnBOqOuYlMKkZmNCubw,FIESC Oficial,run:d2f80385-434d-49ce-b746-9ace0136b2a5,ready_auto,passed,2026-09-08T01:41:04.509Z,2026-09-08T01:42:51.104Z,2026-09-08T01:43:55.164Z,2026-09-08T01:44:41.475Z,110.371,46.311,21,0
UCcrE9wqlSLVKsIi_Chq294Q,Thieres Machado 3D,run:bad40c11-c13f-42da-b1b0-463673ab4076,ready_partial,dormant,2026-09-08T01:41:04.509Z,2026-09-08T01:47:47.346Z,2026-09-08T01:48:43.678Z,2026-09-08T01:48:43.678Z,56.332,0.0,0,not_in_ready_auto_audit
UCcyYZOl8kxMyVgqWQlIm0nA,Role Crew BMX,run:25585e65-ea6f-4b67-b25a-7cf435c4dca2,ready_partial,dormant,2026-09-08T01:41:04.509Z,2026-09-08T01:52:39.917Z,2026-09-08T01:53:38.576Z,2026-09-08T01:53:38.576Z,58.659,0.0,0,not_in_ready_auto_audit
UCd-kUP64KjGBuRdlAX_NFHA,Ofertinhas da mamãe e bebê,run:241d6f81-3cd7-4d72-b415-f5bb73579f53,ready_auto,passed,2026-09-08T01:41:04.509Z,2026-09-08T02:00:30.109Z,2026-09-08T02:01:23.674Z,2026-09-08T02:01:45.393Z,75.284,21.719,7,0
UCd2Mm6QKAMPQDyF9-kB2wLg,Ralph Almeida,run:c976cf64-f5f7-48f5-98e3-995460a618d9,ready_auto,passed,2026-09-08T01:41:04.509Z,2026-09-08T01:49:54.682Z,2026-09-08T01:50:31.898Z,2026-09-08T01:51:18.142Z,83.46,46.244,8,0
UCd6zFhLfcoilM9wuc3IVqoA,Canal Fiq Sabendo Oficial,run:6176e287-d16d-4ba3-a42c-417d91133ca4,ready_auto,passed,2026-09-08T01:41:04.509Z,2026-09-08T01:55:48.835Z,2026-09-08T01:56:25.237Z,2026-09-08T01:57:16.434Z,87.599,51.197,6,0
UCdHxlnmE5otuACCLFu3uRig,Cleber & Henrique ,run:024b0015-9940-4dbe-8055-01f71294e4df,ready_partial,dormant,2026-09-08T01:41:04.509Z,2026-09-08T01:51:06.294Z,2026-09-08T01:51:36.263Z,2026-09-08T01:51:36.263Z,29.969,0.0,0,not_in_ready_auto_audit
UCdN9f_reQOzY1MkAjlmavIA,Comunidade Nightwish,run:2679d96a-14da-4ddf-91fa-b044ae247ca0,ready_partial,dormant,2026-09-08T01:41:04.509Z,2026-09-08T01:43:13.748Z,2026-09-08T01:43:59.795Z,2026-09-08T01:43:59.795Z,46.047,0.0,0,not_in_ready_auto_audit
UCdPaAnR8IhaI6GMg8niVDdA,MC Cortez,run:59b9036a-4fb3-4d73-a994-fec1ae45aee1,ready_auto,passed,2026-09-08T01:41:04.509Z,2026-09-08T01:58:57.754Z,2026-09-08T01:59:35.376Z,2026-09-08T02:00:57.229Z,119.475,81.853,4,0
UCdR1OeRixT2X2QtbNbBGirA,AOM,run:e40ccc90-c141-4788-8a72-827bd50aaf63,ready_partial,dormant,2026-09-08T01:41:04.509Z,2026-09-08T01:58:59.398Z,2026-09-08T01:59:31.529Z,2026-09-08T01:59:31.529Z,32.131,0.0,0,not_in_ready_auto_audit
UCdSBNgF8SdUnuR4OgdfuzzA,Auto Frango,run:4b9c9a7b-02f2-4347-9545-e1dc5eee1adc,ready_partial,dormant,2026-09-08T01:41:04.509Z,2026-09-08T01:53:40.884Z,2026-09-08T01:54:37.306Z,2026-09-08T01:54:37.307Z,56.423,0.001,0,not_in_ready_auto_audit
UCdZfqa1CIaiOZGgD3k7-RXg,Rodrigo Lampreia,run:cb985cf4-f6bb-4a43-826b-3e52a29c9b2b,ready_partial,dormant,2026-09-08T01:41:04.509Z,2026-09-08T01:43:18.282Z,2026-09-08T01:43:43.028Z,2026-09-08T01:43:43.028Z,24.746,0.0,0,not_in_ready_auto_audit
UCdicE1eIXJF2IGiSI5Hwj5w,Victor Rosalen,run:12be0370-1308-48b7-901d-2fb4f663b36d,ready_partial,dormant,2026-09-08T01:41:04.509Z,2026-09-08T01:43:40.338Z,2026-09-08T01:44:17.204Z,2026-09-08T01:44:17.205Z,36.867,0.001,0,not_in_ready_auto_audit
UCdivlaP-Po_M-PCONCDOb4g,JOJO,run:93e93da5-ed1b-483c-bd6d-7d175501aff0,ready_auto,passed,2026-09-08T01:41:04.509Z,2026-09-08T01:50:39.058Z,2026-09-08T01:51:37.748Z,2026-09-08T01:52:32.044Z,112.986,54.296,30,0
UCdwDHqqtIKB1wTcxzgHs4VQ,ACONTECEU AGORA,run:ba7964da-bc73-411c-891d-df1e72cf6a4b,ready_partial,dormant,2026-09-08T01:41:04.509Z,2026-09-08T01:57:09.970Z,2026-09-08T01:57:42.384Z,2026-09-08T01:57:42.384Z,32.414,0.0,0,not_in_ready_auto_audit
UCdyoo-gcTVh4efpseFP9bdg,Soares Auto Brasil,run:bdca49b1-044d-4919-925c-51680c26a97f,ready_auto,passed,2026-09-08T01:41:04.509Z,2026-09-08T01:46:26.434Z,2026-09-08T01:47:22.127Z,2026-09-08T01:48:06.886Z,100.452,44.759,30,0
UCe4-T4YXDyuYnoexpYvPtoQ,Planeta Nerd,run:61279d45-2662-4a1a-8fe8-f5da4d3b2212,ready_auto,passed,2026-09-08T01:41:04.509Z,2026-09-08T01:54:50.800Z,2026-09-08T01:55:23.202Z,2026-09-08T01:57:06.363Z,135.563,103.161,11,0
UCe9GDNHPf9mzHkAV5RsL-oQ,Comando Militar do Sul - Exército Brasileiro,run:58f18131-253d-4a08-9af6-44abe5a76c26,ready_auto,passed,2026-09-08T01:41:04.509Z,2026-09-08T01:55:47.378Z,2026-09-08T01:56:22.353Z,2026-09-08T01:57:14.894Z,87.516,52.541,11,0
UCeA7zO7MPQ6TDsyov-aTTxg,Jeferson pajé,run:441b0d34-392c-404d-89b1-7e3acd273b60,ready_auto,passed,2026-09-08T01:41:04.509Z,2026-09-08T01:54:31.098Z,2026-09-08T01:55:27.698Z,2026-09-08T01:56:00.208Z,89.11,32.51,5,0
UCesRjmf4v10kE4ZBAmNYZbA, DIY - Pop de Biscuit,run:e121a6eb-fbc0-46d8-b882-642ebad3b948,ready_auto,passed,2026-09-08T01:41:04.509Z,2026-09-08T01:45:10.317Z,2026-09-08T01:45:46.092Z,2026-09-08T01:47:07.056Z,116.739,80.964,1,0
UCf0sD8pRl6NlN3lMxtYYjjQ,Mais Moto Podcast ,run:9e20e754-4dd3-4589-8817-62a42dafe39c,ready_partial,dormant,2026-09-08T01:41:04.509Z,2026-09-08T01:46:58.654Z,2026-09-08T01:47:35.774Z,2026-09-08T01:47:35.774Z,37.12,0.0,0,not_in_ready_auto_audit
UCf75fg3VemQx9A_Z6FfoDRg,Abralin,run:0aa15eac-c73f-4fb0-bddb-371f3b43d782,ready_auto,passed,2026-09-08T01:41:04.509Z,2026-09-08T01:59:49.535Z,2026-09-08T02:01:11.752Z,2026-09-08T02:01:33.264Z,103.729,21.512,10,0
UCfAavU4FKFd5MyOjatkfHNA,O CARTOLEIRO,run:ec175daa-05ba-40de-9dc9-733b05196b40,ready_partial,dormant,2026-09-08T01:41:04.509Z,2026-09-08T01:52:45.487Z,2026-09-08T01:53:32.462Z,2026-09-08T01:53:32.462Z,46.975,0.0,0,not_in_ready_auto_audit
UCfI4nNuPCV_qIjvHFOfwA1Q,HistoriLand Literatura - Grandes Escritores,run:19a3a90c-1acc-4258-8b49-0e02a522f416,ready_auto,passed,2026-09-08T01:41:04.509Z,2026-09-08T01:42:37.003Z,2026-09-08T01:43:19.785Z,2026-09-08T01:44:38.839Z,121.836,79.054,1,0
UCfej1BZifrCU0jsR3sAyoUQ,Queimei a Língua ,run:4a295267-1311-4307-91f1-940e582160dc,ready_auto,passed,2026-09-08T01:41:04.509Z,2026-09-08T01:57:03.775Z,2026-09-08T01:57:30.665Z,2026-09-08T01:59:35.175Z,151.4,124.51,30,0
UCff9sN_U0EwqKtCRbRLj33w,Camisa 8,run:a6587aac-e966-4aee-b2a3-5f0d0ceb28ee,ready_partial,dormant,2026-09-08T01:41:04.509Z,2026-09-08T01:55:20.601Z,2026-09-08T01:56:11.240Z,2026-09-08T01:56:11.240Z,50.639,0.0,0,not_in_ready_auto_audit
UCfqxmx1LqTchW523dbuGkgA,TsukiUraya,run:9665fcd5-d50f-4d11-96d1-13a3cc8cc20a,ready_auto,passed,2026-09-08T01:41:04.509Z,2026-09-08T01:55:07.934Z,2026-09-08T01:55:48.133Z,2026-09-08T01:57:06.989Z,119.055,78.856,7,0
UCfwL8eL-1mRfV10a9aMNE3A,Nicoly lima,run:c4c7d3ec-e066-4e1b-8615-874a274abba8,ready_auto,passed,2026-09-08T01:41:04.509Z,2026-09-08T01:56:41.702Z,2026-09-08T01:57:39.966Z,2026-09-08T01:58:31.129Z,109.427,51.163,30,0
UCfxw9X5zS53oicViU31I2mg,Narrador Gostosão ,run:5750b4ba-f19a-4d82-be5a-ed6f83e14f84,ready_auto,passed,2026-09-08T01:41:04.509Z,2026-09-08T01:52:02.615Z,2026-09-08T01:52:32.442Z,2026-09-08T01:53:31.866Z,89.251,59.424,30,0
UCg1NY0J7btoqaBureLv2g4g,entre3culturas,run:47ab9f02-f7e2-4e44-9545-69003212bd71,ready_auto,passed,2026-09-08T01:41:04.509Z,2026-09-08T01:53:26.337Z,2026-09-08T01:54:20.877Z,2026-09-08T01:55:01.889Z,95.552,41.012,8,0
UCgHwO_-KO9lf8fppR7rOwDg,Malu e Alice,run:b0242303-369f-4fd1-8f5a-2a2ce8a6704b,ready_auto,passed,2026-09-08T01:41:04.509Z,2026-09-08T01:48:28.557Z,2026-09-08T01:49:27.714Z,2026-09-08T01:51:05.080Z,156.523,97.366,14,0
UCgKZgUWujq2wkGgh8Q7mKiw,Gemeos Renato,run:9727bce8-271d-4ce3-bcb9-2fb2cde18c55,ready_auto,passed,2026-09-08T01:41:04.509Z,2026-09-08T01:52:10.598Z,2026-09-08T01:53:06.325Z,2026-09-08T01:54:49.351Z,158.753,103.026,26,0
UCg_dukleX8fcv0cfS-pUR9Q,Bruno Oliveira,run:90697b07-d60e-4660-9852-b68f0537ed82,ready_partial,dormant,2026-09-08T01:41:04.509Z,2026-09-08T01:51:14.421Z,2026-09-08T01:52:09.146Z,2026-09-08T01:52:09.147Z,54.726,0.001,0,not_in_ready_auto_audit
UCh1-Vv_fizBKtP3C5MbxKhg,Yssa ,run:bba52377-ba3a-422f-981d-ff5dd6c7db17,ready_auto,passed,2026-09-08T01:41:04.509Z,2026-09-08T01:53:20.114Z,2026-09-08T01:54:24.270Z,2026-09-08T01:55:00.129Z,100.015,35.859,4,0
UCh1ZWtIBuyXqv2Q6HPXWrbw,Raphael Rtps,run:49735a79-010a-4175-bdb3-164f266d87bb,ready_auto,passed,2026-09-08T01:41:04.509Z,2026-09-08T01:57:03.428Z,2026-09-08T01:57:42.931Z,2026-09-08T01:59:34.115Z,150.687,111.184,30,0
UCh4JA26nX7vmbbzRihDkZMw,Dra. Marilene Costa - Psiquiatra Online,run:154f01a3-84d6-43cf-b33b-d69460115531,ready_partial,dormant,2026-09-08T01:41:04.509Z,2026-09-08T01:44:39.864Z,2026-09-08T01:45:34.488Z,2026-09-08T01:45:34.489Z,54.625,0.001,0,not_in_ready_auto_audit
UChK-SWb4RYyTd_7zsIwiWog,RECEITAS DA FABI,run:f91cf252-7ac8-4cb8-88d8-0dc8f9822212,ready_partial,dormant,2026-09-08T01:41:04.509Z,2026-09-08T01:57:56.891Z,2026-09-08T01:58:24.096Z,2026-09-08T01:58:24.097Z,27.206,0.001,0,not_in_ready_auto_audit
UChX4ndjt_5tFZFQi_TqXxPg,DIVISÃO 9,run:c3aadd8b-c986-4cea-b2fd-df5d561eb928,ready_partial,dormant,2026-09-08T01:41:04.509Z,2026-09-08T01:47:29.968Z,2026-09-08T01:48:26.656Z,2026-09-08T01:48:26.656Z,56.688,0.0,0,not_in_ready_auto_audit
UChc8s4TuQCaedQY-4YOILHg,Professor Albert,run:572444ba-4c51-400d-8040-b329077a81fd,ready_auto,passed,2026-09-08T01:41:04.509Z,2026-09-08T01:41:37.873Z,2026-09-08T01:42:24.781Z,2026-09-08T01:43:37.938Z,120.065,73.157,16,0
UChj9eOuBivMvuFp55uyCnnQ,AGULHÓ,run:9f4dffe6-d717-4124-98ec-30824b1869ed,ready_auto,passed,2026-09-08T01:41:04.509Z,2026-09-08T01:51:36.952Z,2026-09-08T01:52:12.536Z,2026-09-08T01:53:24.573Z,107.621,72.037,29,0
UChly4JLxUacQ-LgT8yR2DgA,BREN0RJ,run:2976ba28-efaa-438a-bdc0-d1b752d61ef8,ready_auto,passed,2026-09-08T01:41:04.509Z,2026-09-08T01:50:28.947Z,2026-09-08T01:50:55.631Z,2026-09-08T01:52:27.244Z,118.297,91.613,29,0
UCho3tlxdMUS5pAvNg7bA8yA,Alice Aquino,run:2a97b703-33ba-4b05-8d15-62a80a25d993,ready_partial,dormant,2026-09-08T01:41:04.509Z,2026-09-08T01:49:54.708Z,2026-09-08T01:50:31.019Z,2026-09-08T01:50:31.020Z,36.312,0.001,0,not_in_ready_auto_audit
UChsXToK8E4U8lqXaabPwlBw,Embarcados TV,run:4e649c1f-4330-43ed-aeef-1c9f7d3ba5cc,ready_auto,passed,2026-09-08T01:41:04.509Z,2026-09-08T01:51:11.560Z,2026-09-08T01:51:45.569Z,2026-09-08T01:52:39.493Z,87.933,53.924,19,0
UCi0tGkANOWosMzl5Ptw4fbw,Hobbies de Negócios,run:8d6d2d93-0144-4462-b343-caf28aa599b6,ready_auto,passed,2026-09-08T01:41:04.509Z,2026-09-08T01:51:58.888Z,2026-09-08T01:52:36.117Z,2026-09-08T01:53:30.003Z,91.115,53.886,30,0
UCiKqit0YD0BnLXrNzGSoj7Q,Apoio Escola Náutica -  ARRAIS AMADOR MOTONAUTA,run:677b29e0-ddc2-4a26-ba75-9fbfa6e417a1,ready_partial,dormant,2026-09-08T01:41:04.509Z,2026-09-08T01:54:55.217Z,2026-09-08T01:55:19.671Z,2026-09-08T01:55:19.671Z,24.454,0.0,0,not_in_ready_auto_audit
UCiPNrGHElx2892NnZUkVRTw,Luiz Oliveira Oficial,run:c919961b-786f-49f4-9d0e-b05f13d9d024,ready_auto,passed,2026-09-08T01:41:04.509Z,2026-09-08T01:51:20.153Z,2026-09-08T01:51:57.336Z,2026-09-08T01:53:21.713Z,121.56,84.377,30,0
UCiU14ibppIDwICbrxu8_yhw,Pedrozim,run:6d1610c3-7e27-46d1-a708-54c9a91f7506,ready_auto,passed,2026-09-08T01:41:04.509Z,2026-09-08T01:50:40.608Z,2026-09-08T01:51:18.765Z,2026-09-08T01:52:33.109Z,112.501,74.344,30,0
UCiUPv5cFKeZuiJgkntsoOLQ,Brahma Kumaris Brasil,run:02ef6250-4b12-416e-a12e-cdf930e02915,ready_auto,passed,2026-09-08T01:41:04.509Z,2026-09-08T01:47:21.954Z,2026-09-08T01:49:07.661Z,2026-09-08T01:49:51.403Z,149.449,43.742,17,0
UCi_i6xus0CM38FAsaHUc4UA,Thati_inventa,run:508f0142-08e1-44bb-b597-0111b6293281,ready_auto,passed,2026-09-08T01:41:04.509Z,2026-09-08T01:45:22.955Z,2026-09-08T01:46:28.566Z,2026-09-08T01:47:08.752Z,105.797,40.186,30,0
UCiciruB9iiUmKT8C6qk8T4w,Mercado Bitcoin,run:abe42e99-a993-411f-94e9-64b799ed3891,ready_auto,passed,2026-09-08T01:41:04.509Z,2026-09-08T01:45:31.878Z,2026-09-08T01:46:08.873Z,2026-09-08T01:47:11.219Z,99.341,62.346,30,0
UCiocc4WoX8xE-7CalzqS2Xw,F L U S C O M A N I A,run:eda0d06a-44dd-43d3-9157-1d9e296897dc,ready_auto,passed,2026-09-08T01:41:04.509Z,2026-09-08T01:54:32.887Z,2026-09-08T01:55:08.896Z,2026-09-08T01:56:01.522Z,88.635,52.626,30,0
UCiw38lB2UPGzaVIJ5JrtOpA,Adriene Amorim Cake e Arte,run:97cb2099-ab67-477d-ba17-c3bf72de3529,ready_auto,passed,2026-09-08T01:41:04.509Z,2026-09-08T01:56:45.463Z,2026-09-08T01:57:26.068Z,2026-09-08T01:58:33.823Z,108.36,67.755,14,0
UCiyK-GYJbGarQqJcY5elOzA,Hamburgueiro Raiz,run:f70479ae-210a-4837-ad78-e0adcb88fcbc,ready_partial,dormant,2026-09-08T01:41:04.509Z,2026-09-08T01:47:29.967Z,2026-09-08T01:48:24.715Z,2026-09-08T01:48:24.715Z,54.748,0.0,0,not_in_ready_auto_audit
UCiyWDq84iDLtrP5n-uEEG0Q,PROPesq UFMT,run:2bc12c42-f6a8-4ee5-a14f-800cdbe0e7b0,ready_auto,passed,2026-09-08T01:41:04.509Z,2026-09-08T01:59:39.686Z,2026-09-08T02:00:29.831Z,2026-09-08T02:01:31.305Z,111.619,61.474,4,0
UCj6pnDyfSmcvqCX0MRWqyAA,123 Beleza ,run:9654d6a3-5575-4f1b-9ed5-0c610c50615e,ready_auto,passed,2026-09-08T01:41:04.509Z,2026-09-08T02:00:26.059Z,2026-09-08T02:01:21.623Z,2026-09-08T02:01:44.571Z,78.512,22.948,30,0
UCjD1Cy1vNXKyijXAGOk3mSg,Nádia Queiróz- graduanda em nutriçao,run:c3a29064-67ba-41e3-a084-4a0447a2e4e5,ready_auto,passed,2026-09-08T01:41:04.509Z,2026-09-08T01:58:41.442Z,2026-09-08T01:59:16.752Z,2026-09-08T02:00:54.692Z,133.25,97.94,11,0
UCjHX3zv5Nemj39Z-I1q5p6w,Thiago Soler BMW MOTORRAD,run:7afb0887-0a7b-4a7d-a494-8d96b25e0be4,ready_auto,passed,2026-09-08T01:41:04.509Z,2026-09-08T01:52:13.376Z,2026-09-08T01:52:45.592Z,2026-09-08T01:53:32.669Z,79.293,47.077,30,0
UCjTyv-U4asMYJFbZZZdYxlQ,SUZANE.TV,run:58ed23ec-9e62-4c0f-a1d7-b6427e5daaeb,ready_auto,passed,2026-09-08T01:41:04.509Z,2026-09-08T01:46:56.137Z,2026-09-08T01:47:58.557Z,2026-09-08T01:49:50.016Z,173.879,111.459,30,0
UCjc35jjWhVDtw3SirKN_WhA,Rod Postal,run:9e4b7886-bc53-409d-91ae-ae7211e4a565,ready_auto,passed,2026-09-08T01:41:04.509Z,2026-09-08T01:51:32.646Z,2026-09-08T01:52:32.601Z,2026-09-08T01:53:23.193Z,110.547,50.592,13,0
UCjhR0LZSH2Th31dRLnv3POA,O Meu Conselho | Jorão ,run:6cc0acb9-888f-42d7-a6a8-89a31f24e4f2,ready_partial,dormant,2026-09-08T01:41:04.509Z,2026-09-08T02:01:02.787Z,2026-09-08T02:01:58.175Z,2026-09-08T02:01:58.176Z,55.389,0.001,0,not_in_ready_auto_audit
UCjiBnPApOcmrnbqA78YTbXg,Cursos Online Reconhecidos,run:0f091815-630a-498a-9080-b4f82149340f,ready_auto,passed,2026-09-08T01:41:04.509Z,2026-09-08T01:44:07.146Z,2026-09-08T01:44:54.993Z,2026-09-08T01:45:57.032Z,109.886,62.039,12,0
UCjrlJIDxlNXBa6kwfcTvJyw,DREAM BMX,run:ca15a689-ed4b-4146-898a-c1be3b42010c,ready_partial,dormant,2026-09-08T01:41:04.509Z,2026-09-08T01:52:26.672Z,2026-09-08T01:53:24.750Z,2026-09-08T01:53:24.750Z,58.078,0.0,0,not_in_ready_auto_audit
UCjt2bBBGB1I3iV_a-5hIDOQ,Dicas da Gabi Torres,run:9cb3a0e8-5a43-40c5-a12b-295cc83521ed,ready_auto,passed,2026-09-08T01:41:04.509Z,2026-09-08T02:00:31.274Z,2026-09-08T02:01:24.624Z,2026-09-08T02:01:45.887Z,74.613,21.263,3,0
UCk-qcTjOJfc_0RXbQwlkZ-Q,Tutoriais para Tudo,run:6ed5682a-36ec-4b28-875d-9f571c062155,ready_partial,dormant,2026-09-08T01:41:04.509Z,2026-09-08T01:56:10.507Z,2026-09-08T01:57:23.716Z,2026-09-08T01:57:23.716Z,73.209,0.0,0,not_in_ready_auto_audit
UCk8nR8nG2kXBjKAXqVZhv-w,Aprendendo a navegar com o Capitão José Vaz '.',run:784f9f46-4e2e-45d3-8a76-02578458bbb8,ready_partial,dormant,2026-09-08T01:41:04.509Z,2026-09-08T01:54:49.361Z,2026-09-08T01:55:51.921Z,2026-09-08T01:55:51.921Z,62.56,0.0,0,not_in_ready_auto_audit
UCkLiu5qOop8D_uvoWqVX8iA,Trader Araujo,run:e4d6effb-1caa-4e5e-9b20-167fa9b55932,ready_auto,passed,2026-09-08T01:41:04.509Z,2026-09-08T01:42:25.913Z,2026-09-08T01:43:12.179Z,2026-09-08T01:43:48.337Z,82.424,36.158,3,0
UCkO86M1zc7iQqYiCrImhhKA,BMX EVOLUTION,run:299eca1d-acb8-4aba-9554-1026c2ebe289,ready_auto,passed,2026-09-08T01:41:04.509Z,2026-09-08T01:52:34.330Z,2026-09-08T01:53:32.801Z,2026-09-08T01:54:52.592Z,138.262,79.791,6,0
UCkObfi1igqKtcgDf8lQXD1A,Caso Bizarro,run:dedb46e1-68e3-4257-a339-4f2d097cd6e1,ready_auto,passed,2026-09-08T01:41:04.509Z,2026-09-08T01:46:38.452Z,2026-09-08T01:47:05.891Z,2026-09-08T01:48:11.482Z,93.03,65.591,29,0
UCkbnn77D0a8aSDwtBOQpEUg,Renata Conrado,run:a9acb7cd-3b28-4d9f-b22d-95899be242cf,ready_partial,dormant,2026-09-08T01:41:04.509Z,2026-09-08T01:51:39.439Z,2026-09-08T01:52:26.400Z,2026-09-08T01:52:26.400Z,46.961,0.0,0,not_in_ready_auto_audit
UCkqEo3CaqbnrSdxTE7Z418A,Simone Minotto BISCUIT,run:d3a831be-f9e7-4371-9c08-517717e4e525,ready_partial,dormant,2026-09-08T01:41:04.509Z,2026-09-08T01:45:04.285Z,2026-09-08T01:46:10.083Z,2026-09-08T01:46:10.083Z,65.798,0.0,0,not_in_ready_auto_audit
UClNVIuJ4h24-PKVwMotiYvw,Ana Bauer Bolos,run:97c7f562-6480-4608-b301-f8ccff37271b,ready_auto,passed,2026-09-08T01:41:04.509Z,2026-09-08T01:57:01.872Z,2026-09-08T01:57:50.210Z,2026-09-08T01:58:35.558Z,93.686,45.348,28,0
UClOJqmf8DJe7HKChm9jfd1g,GearLiveTec,run:de6b1e46-55e0-4b5a-bfef-887d13b1f842,ready_auto,passed,2026-09-08T01:41:04.509Z,2026-09-08T01:50:19.110Z,2026-09-08T01:51:05.909Z,2026-09-08T01:52:24.681Z,125.571,78.772,30,0
UClkz7bFZTcdf0g6KcQYhAAQ,Pense Cripto,run:79562a2b-ca04-46ec-a519-fccee7165b37,ready_auto,passed,2026-09-08T01:41:04.509Z,2026-09-08T01:42:28.922Z,2026-09-08T01:42:53.186Z,2026-09-08T01:43:49.344Z,80.422,56.158,11,0
UClokMOul7uEqHW4cWjxrHLQ,Dr. Gearhead,run:4ba0f1ce-d440-4b9a-8d08-3601ff7fb689,ready_auto,passed,2026-09-08T01:41:04.509Z,2026-09-08T01:53:33.660Z,2026-09-08T01:54:24.141Z,2026-09-08T01:55:02.456Z,88.796,38.315,30,0
UCmAJBL6U5cd3yn2ojMSxJzg,Contador do Trader,run:8f4f7cda-f4cd-466f-8e43-2dae10f85b51,ready_auto,passed,2026-09-08T01:41:04.509Z,2026-09-08T01:59:04.791Z,2026-09-08T01:59:55.786Z,2026-09-08T02:00:59.890Z,115.099,64.104,30,0
UCmCNwg_c8mMuTOM7LvBYb5w,Biographer PT,run:a7b76bb0-e3b7-4c70-8b0d-a945a9dfefd4,ready_partial,dormant,2026-09-08T01:41:04.509Z,2026-09-08T01:42:59.694Z,2026-09-08T01:43:39.637Z,2026-09-08T01:43:39.638Z,39.944,0.001,0,not_in_ready_auto_audit
UCmJt2nJxA_dFnbBLh4iWvqA,Black Madonna ,run:a7acfb56-eade-4dfe-af07-0b4108f54a56,ready_auto,passed,2026-09-08T01:41:04.509Z,2026-09-08T01:53:55.142Z,2026-09-08T01:54:25.573Z,2026-09-08T01:55:54.575Z,119.433,89.002,1,0
UCmKOWuSKjSgsVWH7cX3nNcw,Weliton F8,run:a5f50e45-c82d-458a-a618-e1f2ebc5c4dc,ready_auto,passed,2026-09-08T01:41:04.509Z,2026-09-08T01:51:52.523Z,2026-09-08T01:52:44.304Z,2026-09-08T01:53:28.930Z,96.407,44.626,30,0
UCm_r9uXypqzGBzX4sXYZP0Q,Pra Valer,run:96451384-4f07-4413-a41e-b55c62bf3d98,ready_partial,dormant,2026-09-08T01:41:04.509Z,2026-09-08T01:42:18.272Z,2026-09-08T01:42:58.716Z,2026-09-08T01:42:58.716Z,40.444,0.0,0,not_in_ready_auto_audit
UCmd36IRnM0i6zZsyZCjjCOA,Hug Oficial,run:4ac80d0e-7d9f-4daf-8534-536b2b9e24e7,ready_partial,dormant,2026-09-08T01:41:04.509Z,2026-09-08T02:00:53.557Z,2026-09-08T02:01:42.660Z,2026-09-08T02:01:42.660Z,49.103,0.0,0,not_in_ready_auto_audit
UCmuycmNlHoy84gLEwcD0ZQw,IDEA EAD,run:87069e54-7261-4d92-b5dc-cfa2aef6906a,ready_partial,dormant,2026-09-08T01:41:04.509Z,2026-09-08T01:41:38.297Z,2026-09-08T01:42:33.295Z,2026-09-08T01:42:33.296Z,54.999,0.001,0,not_in_ready_auto_audit
UCn-vWEDaJ2XM2xNIt7yHqKA,Bora pra Cozinha,run:4b70f80f-629e-4b5f-9c2d-16fc4be0f92c,ready_auto,passed,2026-09-08T01:41:04.509Z,2026-09-08T01:57:07.606Z,2026-09-08T01:57:59.689Z,2026-09-08T01:59:36.292Z,148.686,96.603,30,0
UCn4zKwE6-XVB62XeCIMbFcA,PLUS HERO,run:22840839-a483-4785-b042-26e157ccf53b,ready_partial,dormant,2026-09-08T01:41:04.509Z,2026-09-08T01:55:01.070Z,2026-09-08T01:55:53.495Z,2026-09-08T01:55:53.495Z,52.425,0.0,0,not_in_ready_auto_audit
UCnE2vJd4J7Ntbp5b-54VROw,Conversão Sem Limites,run:ba18a3de-94cd-4846-a641-e27132ef6991,ready_auto,passed,2026-09-08T01:41:04.509Z,2026-09-08T01:50:03.783Z,2026-09-08T01:51:02.143Z,2026-09-08T01:52:23.846Z,140.063,81.703,26,0
UCnQsq60Kcxm61cQ3Jgs7Egg,Ludo Ao Cubo,run:f762a794-81fc-4c75-89b8-ee05d287e012,ready_auto,passed,2026-09-08T01:41:04.509Z,2026-09-08T01:52:56.924Z,2026-09-08T01:53:32.222Z,2026-09-08T01:54:56.012Z,119.088,83.79,24,0
UCncGRoKRFg8LWExUibdHokQ,Laura Inchauspe ,run:14dfcb4e-7adc-4d7f-affa-a56fddb55ea5,ready_partial,dormant,2026-09-08T01:41:04.509Z,2026-09-08T01:57:39.113Z,2026-09-08T01:58:32.813Z,2026-09-08T01:58:32.813Z,53.7,0.0,0,not_in_ready_auto_audit
UCnssfwqbiIAt3RqodY2NjRw,Walter Wollena,run:5eca31a0-1ab1-4d2e-96a4-c461e731f42a,ready_auto,passed,2026-09-08T01:41:04.509Z,2026-09-08T01:52:10.985Z,2026-09-08T01:53:07.460Z,2026-09-08T01:54:50.240Z,159.255,102.78,3,0
UCoLOG0EFBFwIhW_Xf8hF-zQ,Mateus Batista | Idéias virais ,run:e86f93cf-b724-4fe3-8080-90ee62f740cb,ready_auto,passed,2026-09-08T01:41:04.509Z,2026-09-08T01:58:24.099Z,2026-09-08T01:59:09.151Z,2026-09-08T01:59:47.672Z,83.573,38.521,30,0
UCoZAAHE79o4xv9PjRs0LUJQ,SMART CRYPTO,run:253fdd37-d05a-46c4-94b7-b41542898641,ready_auto,passed,2026-09-08T01:41:04.509Z,2026-09-08T01:48:18.768Z,2026-09-08T01:48:55.291Z,2026-09-08T01:50:00.657Z,101.889,65.366,29,0
UCoeH6TN4vxPj_ZqLSGECQTw,Camila Santos,run:f6bcc43c-d501-4795-b504-86502b3a3ecb,ready_auto,passed,2026-09-08T01:41:04.509Z,2026-09-08T01:58:11.420Z,2026-09-08T01:59:07.333Z,2026-09-08T01:59:46.424Z,95.004,39.091,23,0
UColoMbv1OUVS0b8P1Tk4xXg,Money Master | Márcio Sena,run:d9b3f01f-0ca6-4261-b461-e92691b4c1dc,ready_auto,passed,2026-09-08T01:41:04.509Z,2026-09-08T01:49:14.142Z,2026-09-08T02:01:36.346Z,2026-09-08T02:02:00.760Z,766.618,24.414,30,0
UCoroCT395OQSzpzY-h8Khhg,Vibe de empresário,run:260473c9-b298-4b93-a424-70cf9b94b262,ready_auto,passed,2026-09-08T01:41:04.509Z,2026-09-08T01:58:20.245Z,2026-09-08T01:58:56.849Z,2026-09-08T01:59:47.092Z,86.847,50.243,11,0
UCozm9_oInctqgZz2-YjX5yQ,Mariana Araújo,run:ba52034b-4b86-4ff5-88e3-6698959a2f03,ready_partial,dormant,2026-09-08T01:41:04.509Z,2026-09-08T02:00:28.389Z,2026-09-08T02:01:06.221Z,2026-09-08T02:01:06.221Z,37.832,0.0,0,not_in_ready_auto_audit
UCp15IgkQ7C8EoyyNSK5jpHg,FERNANDA YAMAO,run:0570ef28-b460-441d-9e63-67718296e598,ready_auto,passed,2026-09-08T01:41:04.509Z,2026-09-08T01:58:24.854Z,2026-09-08T01:58:51.474Z,2026-09-08T01:59:48.467Z,83.613,56.993,15,0
UCpMF1v2HB2aCRalXZEcMEmw,Rodrigo Sansão,run:23c351d1-fb15-4772-9b4f-2953fbadbcaf,ready_auto,passed,2026-09-08T01:41:04.509Z,2026-09-08T01:47:34.322Z,2026-09-08T01:48:27.564Z,2026-09-08T01:49:55.194Z,140.872,87.63,30,0
UCpP8ouEWHQR8a4Z2oruLOdg,Leone Fernandes,run:067ce4dd-90a2-46c8-8171-3d673ce78343,ready_partial,dormant,2026-09-08T01:41:04.509Z,2026-09-08T02:01:16.898Z,2026-09-08T02:03:38.668Z,2026-09-08T02:03:38.668Z,141.77,0.0,0,not_in_ready_auto_audit
UCpQr1t_egVW4VpcLNazaCZQ,bolos.da.geisa.,run:240798b9-f864-43b1-a8e3-d7b37c42f100,ready_auto,passed,2026-09-08T01:41:04.509Z,2026-09-08T01:56:47.611Z,2026-09-08T01:58:45.895Z,2026-09-08T01:59:32.928Z,165.317,47.033,30,0
UCpY-MyNXZx0sYhTH9qunY5A,Lozão,run:1189b136-3507-4fa6-96ae-50690871d6df,ready_auto,passed,2026-09-08T01:41:04.509Z,2026-09-08T01:50:21.735Z,2026-09-08T02:02:09.048Z,2026-09-08T02:02:45.200Z,743.465,36.152,30,0
UCpeeBW35P8Ip9DZn2hI0_Rg,Jorão Matias,run:52c5143b-e435-4866-a5ce-111c5e58c1a8,ready_auto,passed,2026-09-08T01:41:04.509Z,2026-09-08T01:59:20.176Z,2026-09-08T01:59:44.276Z,2026-09-08T02:01:03.146Z,102.97,78.87,30,0
UCpj3ek-f1rqRQWOF8ZvEgiA,Thomas Giulliano,run:ab198218-1ace-42eb-8bc1-1d606d3cfdf4,ready_auto,passed,2026-09-08T01:41:04.509Z,2026-09-08T01:42:36.844Z,2026-09-08T01:43:35.446Z,2026-09-08T01:44:38.231Z,121.387,62.785,30,0
UCpnP1eEYegqTjGG3LDQ02kA,Marcos Brito,run:413c4abc-304b-425f-bae8-87950ad1cff9,ready_auto,passed,2026-09-08T01:41:04.509Z,2026-09-08T01:47:41.559Z,2026-09-08T01:48:17.755Z,2026-09-08T01:49:56.486Z,134.927,98.731,16,0
UCpoQRTOkzKOX7IVpBzlWF1g,Profissão Gourmet,run:38fa3003-f1a8-4e00-8881-4182d074a68a,ready_partial,dormant,2026-09-08T01:41:04.509Z,2026-09-08T01:47:29.783Z,2026-09-08T01:48:17.716Z,2026-09-08T01:48:17.719Z,47.936,0.003,0,not_in_ready_auto_audit
UCq4AJ9QOToJmfRms5fEVRlA,Helen Mareth  OFICIAL®,run:e6a8e49b-6952-4b17-9759-58373665c9aa,ready_auto,passed,2026-09-08T01:41:04.509Z,2026-09-08T01:59:30.089Z,2026-09-08T02:00:08.558Z,2026-09-08T02:01:05.504Z,95.415,56.946,30,0
UCqEd4HqB1QcOEvZ4QGJZb9Q,Mylly Biologando,run:6fd7918f-a137-429a-bcc0-726cd3a3e1c8,ready_auto,passed,2026-09-08T01:41:04.509Z,2026-09-08T01:43:36.936Z,2026-09-08T01:44:38.465Z,2026-09-08T01:45:53.741Z,136.805,75.276,8,0
UCqGvdOwzcIZlw4HzBwqGgSg,Ai Love Travel,run:d178a928-0ce3-44ca-8bd3-7cea9863e13c,ready_auto,passed,2026-09-08T01:41:04.509Z,2026-09-08T01:48:27.098Z,2026-09-08T01:49:17.358Z,2026-09-08T01:50:04.901Z,97.803,47.543,16,0
UCqLpSeS-N7XDLkyta9QjHbw,Planeta de Livros Brasil,run:c1495ee2-a2f5-4d4f-a373-fcf97bf8c27b,ready_auto,passed,2026-09-08T01:41:04.509Z,2026-09-08T01:43:18.282Z,2026-09-08T01:44:05.825Z,2026-09-08T01:44:43.324Z,85.042,37.499,30,0
UCqU0g5WTwK2Eahf646tyQ-Q,Delicias da Saah,run:6480bc21-dbc6-4516-b553-928b7821b903,ready_partial,dormant,2026-09-08T01:41:04.509Z,2026-09-08T01:57:51.063Z,2026-09-08T01:58:57.838Z,2026-09-08T01:58:57.839Z,66.776,0.001,0,not_in_ready_auto_audit
UCqdkwtbQJb2XgzcWu8qrOdg,EMPLASA,run:e01ba267-c4e4-42cd-a722-57f021fad4f2,ready_partial,dormant,2026-09-08T01:41:04.509Z,2026-09-08T01:54:25.290Z,2026-09-08T01:55:19.009Z,2026-09-08T01:55:19.009Z,53.719,0.0,0,not_in_ready_auto_audit
UCqgCoVYU9cB_XgS7qgDgllA,Biologia com Patrick Gomes,run:d4976dca-0ded-49ab-bf9e-a4de7bcc8b2e,ready_auto,passed,2026-09-08T01:41:04.509Z,2026-09-08T01:42:09.411Z,2026-09-08T01:42:45.326Z,2026-09-08T01:43:45.635Z,96.224,60.309,30,0
UCquyhzSquGEayfmyxi03_1w,ALEXANDRE LOURENÇO,run:9a83a072-cd3a-4931-a2be-32b68c883bf4,ready_partial,dormant,2026-09-08T01:41:04.509Z,2026-09-08T01:44:01.590Z,2026-09-08T01:44:48.620Z,2026-09-08T01:44:48.620Z,47.03,0.0,0,not_in_ready_auto_audit
UCr7rxtMWUrc98-VlKnGgdXA,Boards & Burgers,run:14076dae-ef7e-4ef5-a62a-b0b0e8c02bb9,ready_auto,passed,2026-09-08T01:41:04.509Z,2026-09-08T01:52:44.847Z,2026-09-08T01:53:18.128Z,2026-09-08T01:54:54.655Z,129.808,96.527,30,0
UCrHh-iMCG9bxwsN8CRARV3Q,LOUCOS por BIOGRAFIAS,run:16e93033-8e9f-4380-ad9a-1c5102a50d2b,ready_auto,passed,2026-09-08T01:41:04.509Z,2026-09-08T01:43:22.060Z,2026-09-08T01:44:20.554Z,2026-09-08T01:45:50.760Z,148.7,90.206,11,0
UCrQwRv8ZO5IU0JUJY8PWJDw,Um cara qualquer,run:2946d410-1c88-42eb-b4c1-431d0e03ccfd,ready_partial,dormant,2026-09-08T01:41:04.509Z,2026-09-08T01:46:19.615Z,2026-09-08T01:47:05.556Z,2026-09-08T01:47:05.557Z,45.942,0.001,0,not_in_ready_auto_audit
UCrqttM9HjToxJaRTUE-nXGA,Ana Cristina Bunn - Marketing Digital,run:81a9de11-031d-41f6-9dc4-66fac1ebe717,ready_partial,dormant,2026-09-08T01:41:04.509Z,2026-09-08T01:49:56.423Z,2026-09-08T01:50:31.983Z,2026-09-08T01:50:31.983Z,35.56,0.0,0,not_in_ready_auto_audit
UCrsSseCRum0j9dyhZXuNDbw,Multi DO Portuguese,run:caeeafd8-6846-489d-98cb-cd3542d1672b,ready_auto,passed,2026-09-08T01:41:04.509Z,2026-09-08T01:57:31.309Z,2026-09-08T01:57:56.360Z,2026-09-08T01:59:40.081Z,128.772,103.721,30,0
UCs1JevIKnU4E4ULMZr-0Qog,Hugo Milgrau,run:4cd29871-fea5-4d1a-bd0a-aacef30f8c41,ready_auto,passed,2026-09-08T01:41:04.509Z,2026-09-08T01:51:40.579Z,2026-09-08T01:52:13.086Z,2026-09-08T01:53:27.240Z,106.661,74.154,20,0
UCs3HL_4xSgkZCQmamY_Ur0A,Confeitando com Amor,run:e666ffaa-b6b3-41ae-be44-d9773b8fd86d,ready_partial,dormant,2026-09-08T01:41:04.509Z,2026-09-08T01:56:44.976Z,2026-09-08T01:57:37.863Z,2026-09-08T01:57:37.864Z,52.888,0.001,0,not_in_ready_auto_audit
UCs3gOrytEjgQ06VvI625ZKg,Na Cozinha da Bel - Receitas ,run:36d9adcc-d0af-4823-9994-bcf6e8ba8395,ready_auto,passed,2026-09-08T01:41:04.509Z,2026-09-08T01:58:38.818Z,2026-09-08T01:59:32.655Z,2026-09-08T02:00:54.070Z,135.252,81.415,21,0
UCsPyRH4Gac-i-lUsh1gPjQA,Sou Caio,run:795081cf-9630-4261-bdde-8af1730242c3,ready_partial,dormant,2026-09-08T01:41:04.509Z,2026-09-08T01:52:27.720Z,2026-09-08T01:53:21.499Z,2026-09-08T01:53:21.499Z,53.779,0.0,0,not_in_ready_auto_audit
UCsY6t2vjM3RZurkpsRb9yAA,Receitas da Duda,run:28d933f5-b252-4adb-b930-dc4b86812d10,ready_auto,passed,2026-09-08T01:41:04.509Z,2026-09-08T01:56:12.509Z,2026-09-08T01:57:12.317Z,2026-09-08T01:58:25.901Z,133.392,73.584,4,0
UCsbDYDHqSzHElavmhzHLgZw,S.M MOTIVATION,run:439749e9-03f3-4a52-a394-8445f810795d,ready_partial,dormant,2026-09-08T01:41:04.509Z,2026-09-08T01:54:38.749Z,2026-09-08T01:55:30.161Z,2026-09-08T01:55:30.162Z,51.413,0.001,0,not_in_ready_auto_audit
UCsrDVvLCmeHYz9_U2oEsrZg,Maffel Reacts,run:58999226-7d13-4c2d-85ca-174be45d7be9,ready_auto,passed,2026-09-08T01:41:04.509Z,2026-09-08T01:49:24.484Z,2026-09-08T01:50:01.723Z,2026-09-08T01:51:14.041Z,109.557,72.318,30,0
UCtGndXAp0ua1OSqfleDht2w,Bleach Brasil,run:06d5e29f-469d-4e71-9d05-2afd0f37444d,ready_auto,passed,2026-09-08T01:41:04.509Z,2026-09-08T01:47:26.177Z,2026-09-08T01:48:38.484Z,2026-09-08T01:49:53.325Z,147.148,74.841,12,0
UCtM2RyzFpd6S_YPalTzYnog,Canal izac junho ,run:03d62069-66fe-4ccb-a817-71af644dd89f,ready_auto,passed,2026-09-08T01:41:04.509Z,2026-09-08T01:53:17.050Z,2026-09-08T01:53:55.626Z,2026-09-08T01:54:58.942Z,101.892,63.316,30,0
UCtioolnhNoApHiQC3ljUC6A,Dr. João Vitor | Medicina,run:97d7e422-e774-44a2-8f3c-1533aee00fe4,ready_partial,dormant,2026-09-08T01:41:04.509Z,2026-09-08T01:43:34.892Z,2026-09-08T01:44:12.648Z,2026-09-08T01:44:12.648Z,37.756,0.0,0,not_in_ready_auto_audit
UCuNOa9CFBedI8jiisTO1Ydw,Gastronomia Paraense,run:5557ba53-7522-4ef5-b112-3716ab0dc4c6,ready_auto,passed,2026-09-08T01:41:04.509Z,2026-09-08T01:55:55.311Z,2026-09-08T01:56:41.417Z,2026-09-08T01:58:21.433Z,146.122,100.016,6,0
UCuRizk3j9bPKdOQPUXK8PNA,Adeline Pefer,run:2498af9e-1be8-4b3d-aa91-0e0b09691ad4,ready_auto,passed,2026-09-08T01:41:04.509Z,2026-09-08T01:58:44.780Z,2026-09-08T01:59:41.163Z,2026-09-08T02:00:55.253Z,130.473,74.09,2,0
UCuVSxy78iuAGfHcGOllKaqw,BISCUIT DE CORAÇÃO      Marilene Tatsch,run:b9458f30-12d6-4253-baae-c03cbb5339bc,ready_auto,passed,2026-09-08T01:41:04.509Z,2026-09-08T01:41:38.393Z,2026-09-08T01:42:29.223Z,2026-09-08T01:43:41.704Z,123.311,72.481,13,0
UCumuzksUOu_RfKjY2vUTb3w,TheVigia,run:909c9e09-c607-4518-aacb-50a55b445b9d,ready_auto,passed,2026-09-08T01:41:04.509Z,2026-09-08T01:54:13.661Z,2026-09-08T01:54:59.725Z,2026-09-08T01:55:57.593Z,103.932,57.868,30,0
UCusoU08BpDI61vJSn9ChfIA,Gilson das Codornas,run:cf799eb0-bec3-4b2b-8637-fc0e09bbac82,ready_auto,passed,2026-09-08T01:41:04.509Z,2026-09-08T01:46:09.826Z,2026-09-08T01:46:48.501Z,2026-09-08T01:48:04.139Z,114.313,75.638,29,0
UCv3m6KsC1Uj0xAVXbVJTFag,Asccom Goiás,run:e3d9b8e5-cfb4-451c-9888-e375f96898c0,ready_auto,passed,2026-09-08T01:41:04.509Z,2026-09-08T01:48:37.768Z,2026-09-08T01:49:19.121Z,2026-09-08T01:51:05.525Z,147.757,106.404,4,0
UCvIcumrBPwnelVLJ6_v1WXw,MOTOKA LIVE,run:4ec9d974-6563-4098-8a1d-411a0684e9d0,ready_auto,passed,2026-09-08T01:41:04.509Z,2026-09-08T01:52:23.531Z,2026-09-08T01:52:56.031Z,2026-09-08T01:53:33.272Z,69.741,37.241,1,0
UCvQJ11QeH1A8CWyeEdYEzZw,Top Motor BR,run:ae3eef56-ff16-488d-8f59-aeebfa98551e,ready_auto,passed,2026-09-08T01:41:04.509Z,2026-09-08T01:52:20.612Z,2026-09-08T01:53:20.054Z,2026-09-08T01:54:50.997Z,150.385,90.943,30,0
UCvjqW8oqZPvS1Th-nglKzXQ,Isa Doce Festa,run:720fae8a-cb3c-4178-ab5a-dc4678c5bed6,ready_auto,passed,2026-09-08T01:41:04.509Z,2026-09-08T01:56:56.395Z,2026-09-08T01:57:54.871Z,2026-09-08T01:58:34.796Z,98.401,39.925,1,0
UCvk1SqScV_KoK5iB7glEMnw,DJ'Rocha Mix,run:fabc9206-7717-418c-b3d5-aa811714b816,ready_auto,passed,2026-09-08T01:41:04.509Z,2026-09-08T01:55:28.887Z,2026-09-08T01:56:18.979Z,2026-09-08T01:57:11.419Z,102.532,52.44,2,0
UCvpkPAWtyc-qWc9gqeuWD9w,Ari Falcão,run:0a4c036a-6105-4337-a160-9913b64d7b2d,ready_auto,passed,2026-09-08T01:41:04.509Z,2026-09-08T01:45:47.732Z,2026-09-08T01:46:38.199Z,2026-09-08T01:47:15.263Z,87.531,37.064,30,0
UCvqrQ-_Gny0HQ7DxY9iDUAA,Camila Araújo,run:22fcf89d-b5aa-4f10-ba47-bff4b5dbedca,ready_auto,passed,2026-09-08T01:41:04.509Z,2026-09-08T01:57:35.811Z,2026-09-08T01:58:22.732Z,2026-09-08T01:59:40.880Z,125.069,78.148,30,0
UCvyerMGx0FjQaagAORPuX-g,Igreja Todo Dia,run:96495ad9-3d70-4bcd-9698-020ac62dd1d0,ready_auto,passed,2026-09-08T01:41:04.509Z,2026-09-08T01:55:48.851Z,2026-09-08T01:56:40.225Z,2026-09-08T01:57:16.926Z,88.075,36.701,16,0
UCw4NrzODRN-5Ljle5SBWFag,Fernando Fenwick - Marketing digital,run:23efb12d-36b8-4c75-8cf3-c74b8df952f6,ready_auto,passed,2026-09-08T01:41:04.509Z,2026-09-08T01:49:39.543Z,2026-09-08T01:50:03.141Z,2026-09-08T01:51:15.930Z,96.387,72.789,24,0
UCw7fvpsIFTvi-PwYyD7HJEA,FRANCISCO RBN,run:1fc916c4-f39f-4a90-b422-42c33cce28c4,ready_auto,passed,2026-09-08T01:41:04.509Z,2026-09-08T01:48:45.407Z,2026-09-08T01:49:40.891Z,2026-09-08T01:51:08.223Z,142.816,87.332,30,0
UCwCi3mcTZOtDOMK3kFFEzWw,WicaPlay ,run:3d87e087-fee1-49d0-bbeb-21698dd86f24,ready_auto,passed,2026-09-08T01:41:04.509Z,2026-09-08T01:50:32.874Z,2026-09-08T01:51:10.581Z,2026-09-08T01:52:29.981Z,117.107,79.4,30,0
UCwCpHpuMoRVocrSlwjyPCSg,Criança Criativa,run:a40b8238-9a0e-4852-9164-db66f26ea312,ready_partial,dormant,2026-09-08T01:41:04.509Z,2026-09-08T01:48:56.777Z,2026-09-08T01:49:43.324Z,2026-09-08T01:49:43.325Z,46.548,0.001,0,not_in_ready_auto_audit
UCwOD5qE4hA95aaJnOn-cSIA,Wellington Coloni,run:a7533790-3119-4d0b-af65-82fe0a3b22fb,ready_auto,passed,2026-09-08T01:41:04.509Z,2026-09-08T01:48:04.643Z,2026-09-08T01:48:41.859Z,2026-09-08T01:49:59.154Z,114.511,77.295,30,0
UCwZ57zIai8iK87lRKGBYxmg,Auca Games,run:7354ba50-aa95-42cd-9564-a9bc05123721,ready_partial,dormant,2026-09-08T01:41:04.509Z,2026-09-08T01:50:32.569Z,2026-09-08T01:51:05.671Z,2026-09-08T01:51:05.672Z,33.103,0.001,0,not_in_ready_auto_audit
UCwaY1tdekONG50d0U0KuoBg,Helena Luttembarck,run:84cdcfef-f773-476e-9bb5-e31c810268be,ready_auto,passed,2026-09-08T01:41:04.509Z,2026-09-08T01:44:49.344Z,2026-09-08T01:45:43.432Z,2026-09-08T01:47:03.008Z,133.664,79.576,30,0
UCweWrDn1zG6T_JTvFYrPgfg,Entre o Deboche e o Caos (by Diego Justino),run:8103edc6-82d1-470e-bb02-6c0f55a2f88d,ready_partial,dormant,2026-09-08T01:41:04.509Z,2026-09-08T01:56:12.654Z,2026-09-08T01:57:00.740Z,2026-09-08T01:57:00.740Z,48.086,0.0,0,not_in_ready_auto_audit
UCwg6tGvad5nFg-i4aAWDNRw,Black White,run:78939fc7-6944-40d4-82f8-f228d2c8f375,ready_auto,passed,2026-09-08T01:41:04.509Z,2026-09-08T01:50:26.966Z,2026-09-08T01:51:24.888Z,2026-09-08T01:52:26.375Z,119.409,61.487,30,0
UCwir07urgpuQKzmteFrDC4w,Drinhola Gamer,run:09d90f87-6da1-4cb3-bfca-b89dc4b1d300,ready_auto,passed,2026-09-08T01:41:04.509Z,2026-09-08T01:41:37.890Z,2026-09-08T01:42:20.133Z,2026-09-08T01:43:39.368Z,121.478,79.235,30,0
UCwirOqUg0RqsaQDlNd4eY0w,Green House BG,run:7ef3fb0d-7116-4b7d-b082-a64a75924af1,ready_partial,dormant,2026-09-08T01:41:04.509Z,2026-09-08T01:52:59.122Z,2026-09-08T01:53:56.621Z,2026-09-08T01:53:56.622Z,57.5,0.001,0,not_in_ready_auto_audit
UCwiuCGVt6rNdt8F51WVYKEw,Confederação Brasileira de Desportos dos Surdos ,run:d0c4ce58-56d2-4d85-aa1a-c51ecc05ea58,ready_auto,passed,2026-09-08T01:41:04.509Z,2026-09-08T01:55:35.469Z,2026-09-08T01:56:34.202Z,2026-09-08T01:57:13.907Z,98.438,39.705,14,0
UCwjqIbGygVWGaRnHAYw48nw,Karol Queiroz,run:388a6113-087e-4dcb-a2cd-92950ff20e88,ready_partial,dormant,2026-09-08T01:41:04.509Z,2026-09-08T01:51:27.427Z,2026-09-08T01:51:36.919Z,2026-09-08T01:51:36.920Z,9.493,0.001,0,not_in_ready_auto_audit
UCwm99r050rK1YXOgocfUtpA,Certisign,run:8559125e-ef5d-4aeb-8ab9-0b2db0c426bd,ready_auto,passed,2026-09-08T01:41:04.509Z,2026-09-08T01:41:38.349Z,2026-09-08T01:42:22.815Z,2026-09-08T01:43:40.803Z,122.454,77.988,12,0
UCwstifrw3uSBJTDU_rq-k0A,KL PRODUTORA,run:b3c3c80f-7d4a-4aff-ba55-550130d83149,ready_auto,passed,2026-09-08T01:41:04.509Z,2026-09-08T01:58:57.820Z,2026-09-08T01:59:29.155Z,2026-09-08T02:00:57.934Z,120.114,88.779,30,0
UCwz5m62b3yXCOP4OgCcQJvg,mahaudio,run:d6943f29-648e-46ca-b97c-dacdff604689,ready_auto,passed,2026-09-08T01:41:04.509Z,2026-09-08T01:51:15.583Z,2026-09-08T01:52:09.147Z,2026-09-08T01:53:21.130Z,125.547,71.983,3,0
UCx7GL2V_zVY23YTThzQl_EQ,Loja Outside,run:70c38069-7ce8-4b61-8322-a13b805da4f2,ready_auto,passed,2026-09-08T01:41:04.509Z,2026-09-08T01:54:20.805Z,2026-09-08T01:54:49.956Z,2026-09-08T01:55:58.708Z,97.903,68.752,13,0
UCxRql7KwEurNrmFCGaXX8RQ,Carol Bresolin,run:639d7c94-3704-4270-be6f-0fdbf2e0219a,ready_auto,passed,2026-09-08T01:41:04.509Z,2026-09-08T01:57:50.220Z,2026-09-08T01:58:42.796Z,2026-09-08T01:59:43.014Z,112.794,60.218,11,0
UCxUnv3mTj8HbzKSqLPGH6YQ,Nerdices e BoardGames,run:242a0c78-bfec-4d41-860c-0c9bd449a95f,ready_auto,passed,2026-09-08T01:41:04.509Z,2026-09-08T01:53:08.206Z,2026-09-08T01:54:04.954Z,2026-09-08T01:54:57.513Z,109.307,52.559,24,0
UCxWvIT3UGCPBlCUp6Cthf9A,Marama Artes,run:31d82a6c-f2db-46d8-b130-1806344657dd,ready_partial,dormant,2026-09-08T01:41:04.509Z,2026-09-08T02:01:00.452Z,2026-09-08T02:01:36.655Z,2026-09-08T02:01:36.655Z,36.203,0.0,0,not_in_ready_auto_audit
UCxXr9hluPmMgj8QSCBUlQxw,JTechFone,run:9501cd69-ac3a-4fd4-8d84-8fb8ca80b74b,ready_auto,passed,2026-09-08T01:41:04.509Z,2026-09-08T01:44:15.030Z,2026-09-08T01:44:49.574Z,2026-09-08T01:45:58.349Z,103.319,68.775,30,0
UCxaUuR1A7oCCbUha7ZviK6A,Doce Delicia,run:3f27f7d2-ba46-4bf9-b08f-b7541d6ab58f,ready_partial,dormant,2026-09-08T01:41:04.509Z,2026-09-08T01:57:51.821Z,2026-09-08T01:58:45.380Z,2026-09-08T01:58:45.381Z,53.56,0.001,0,not_in_ready_auto_audit
UCxb3Mw-5Lsd8wPTFvzZah9g,Lorena Gontijo,run:abe588b3-c599-4a7a-8260-fb3d4050ef67,ready_partial,dormant,2026-09-08T01:41:04.509Z,2026-09-08T02:01:18.290Z,2026-09-08T02:02:20.155Z,2026-09-08T02:02:20.155Z,61.865,0.0,0,not_in_ready_auto_audit
UCxerOFXJ-ilwSRNZVSk1hVg,Jhonatan Berger,run:ea2b0248-e38d-492a-8a9c-a3128a7cfa7f,ready_auto,passed,2026-09-08T01:41:04.509Z,2026-09-08T01:49:41.691Z,2026-09-08T01:50:37.512Z,2026-09-08T01:51:16.599Z,94.908,39.087,29,0
UCxvo13SIXA2j8eTqo9Ln8tA,Veganices da Jacke ,run:dd6afb75-f334-49bd-902d-abf5792b381f,ready_auto,passed,2026-09-08T01:41:04.509Z,2026-09-08T01:58:52.605Z,2026-09-08T01:59:37.928Z,2026-09-08T02:00:56.614Z,124.009,78.686,17,0
UCy7R4ub3HY9C_08_GaAFCiQ,Felipe Souza ,run:43c56ac2-e77b-4983-a2c8-7e9d2ba297c8,ready_auto,passed,2026-09-08T01:41:04.509Z,2026-09-08T01:50:19.153Z,2026-09-08T01:51:12.620Z,2026-09-08T01:52:25.566Z,126.413,72.946,30,0
UCyEUGMTWLFbuTHVNZrNR24g,BRAFF Eventos,run:f72a6ba4-8501-4804-8537-c6c893506d4e,ready_auto,passed,2026-09-08T01:41:04.509Z,2026-09-08T01:44:52.461Z,2026-09-08T01:45:53.645Z,2026-09-08T01:47:03.828Z,131.367,70.183,30,0
UCyIRW9hBiSLKmn6gOj91WSA,Vivendo De Salgados ,run:84d73ccb-715c-4949-a44f-4881ce585866,ready_auto,passed,2026-09-08T01:41:04.509Z,2026-09-08T01:56:36.061Z,2026-09-08T01:57:49.310Z,2026-09-08T01:58:29.734Z,113.673,40.424,30,0
UCyLG80I7u--NW4MJi2fkfGw,Tecer Divino,run:07fcfc94-005a-4ab0-a338-666a8e9bb84f,ready_auto,passed,2026-09-08T01:41:04.509Z,2026-09-08T02:00:09.756Z,2026-09-08T02:00:47.500Z,2026-09-08T02:01:37.067Z,87.311,49.567,14,0
UCySX0nqIiK8BneOPmouyz7Q,Violão De Ouro Oficial,run:0b2a8dc6-1776-47e5-8fb0-36020c2ad59f,ready_auto,passed,2026-09-08T01:41:04.509Z,2026-09-08T01:55:32.605Z,2026-09-08T01:56:25.495Z,2026-09-08T01:57:12.621Z,100.016,47.126,8,0
UCyWqLWW3jEoeipfJSra9O9A,Cortes Podcólogas [OFICIAL],run:28f4abea-3dd1-4122-a54b-ca5ee0401dac,ready_partial,dormant,2026-09-08T01:41:04.509Z,2026-09-08T01:43:26.826Z,2026-09-08T01:44:19.143Z,2026-09-08T01:44:19.143Z,52.317,0.0,0,not_in_ready_auto_audit
UCyabfm3a9u7N3Itm4NZ_wnA,GGPEL Livraria e Papelaria,run:df2cab97-1f53-418b-8f75-5ef8c9dd574c,ready_auto,passed,2026-09-08T01:41:04.509Z,2026-09-08T01:48:02.908Z,2026-09-08T01:48:54.840Z,2026-09-08T01:49:58.361Z,115.453,63.521,11,0
UCygpBTqUQif-J0gs45aJOkQ,O Boleiro,run:c6cf2e8e-0715-4900-9212-d70c232e251c,ready_auto,passed,2026-09-08T01:41:04.509Z,2026-09-08T01:55:31.065Z,2026-09-08T01:56:24.807Z,2026-09-08T01:57:12.024Z,100.959,47.217,30,0
UCyr-_OX0nmcD-epbZuMUtKw,Review do Músico,run:ebccfaf7-ae2a-4a10-b603-7d4008445f0a,ready_auto,passed,2026-09-08T01:41:04.509Z,2026-09-08T01:51:06.839Z,2026-09-08T01:52:56.887Z,2026-09-08T01:53:20.663Z,133.824,23.776,6,0
UCz1RNB1NmXfBOxDFPVuU64Q,Camila Ayana Oficial,run:d8ed9670-5e14-49be-a3fe-cd47f48ee16c,ready_auto,passed,2026-09-08T01:41:04.509Z,2026-09-08T01:58:27.840Z,2026-09-08T01:59:27.292Z,2026-09-08T02:00:49.943Z,142.103,82.651,30,0
UCzDJgFx_H1Q32e9GUsWfOnw,Amando Cozinhar,run:3d2d6442-9b4e-4ecc-8d63-9407a2e3d5a2,ready_partial,dormant,2026-09-08T01:41:04.509Z,2026-09-08T01:57:17.518Z,2026-09-08T01:58:11.237Z,2026-09-08T01:58:11.238Z,53.72,0.001,0,not_in_ready_auto_audit
UCzFt8Ja1-Qyo5fzgySBH8fA,Mundial Motos,run:114bff35-aec6-430b-a1b9-69b8ad8759ce,ready_auto,passed,2026-09-08T01:41:04.509Z,2026-09-08T01:46:20.650Z,2026-09-08T01:46:57.730Z,2026-09-08T01:48:06.248Z,105.598,68.518,30,0
UCzHRWdkiXRdHwoYFfL0kL1w,Cortes do MAYK SANTOS [OFICIAL],run:84eb7d09-7337-4093-ba47-e915d3709a65,ready_partial,dormant,2026-09-08T01:41:04.509Z,2026-09-08T01:50:19.265Z,2026-09-08T01:51:13.957Z,2026-09-08T01:51:13.958Z,54.693,0.001,0,not_in_ready_auto_audit
UCzlhdIu_T5Hy2V5_L6rIniA,Jucyber,run:ef7851f2-3395-43a7-8ac8-aa0258af88ad,ready_auto,passed,2026-09-08T01:41:04.509Z,2026-09-08T01:51:08.114Z,2026-09-08T01:51:39.678Z,2026-09-08T01:52:38.858Z,90.744,59.18,3,0
UCzuhlsaQ83x8PqG8b1rUE_A,Júlia Friendly,run:36e6d204-df51-4888-b756-365332be1cde,ready_partial,dormant,2026-09-08T01:41:04.509Z,2026-09-08T01:44:21.933Z,2026-09-08T01:45:20.524Z,2026-09-08T01:45:20.525Z,58.592,0.001,0,not_in_ready_auto_audit
